ID,Dwarka,Nangli,Najafgarh,Dhansa Bus Stand
6564,6:00am,6:02am,6:07am,6:09am
6565,6:15am,6:17am,6:22am,6:24am
6566,6:30am,6:32am,6:37am,6:39am
6567,6:45am,6:47am,6:52am,6:54am
6568,7:00am,7:02am,7:07am,7:09am
6569,7:15am,7:17am,7:22am,7:24am
6570,7:30am,7:32am,7:37am,7:39am
6571,7:45am,7:47am,7:52am,7:54am
6572,8:00am,8:02am,8:07am,8:09am
6573,8:15am,8:17am,8:22am,8:24am
6574,8:27am,8:29am,8:34am,8:36am
6575,8:39am,8:41am,8:46am,8:48am
6576,8:51am,8:53am,8:58am,9:00am
6577,9:03am,9:05am,9:10am,9:12am
6578,9:15am,9:17am,9:22am,9:24am
6579,9:27am,9:29am,9:34am,9:36am
6580,9:39am,9:41am,9:46am,9:48am
6581,9:51am,9:53am,9:58am,10:00am
6582,10:03am,10:05am,10:10am,10:12am
6583,10:15am,10:17am,10:22am,10:24am
6584,10:27am,10:29am,10:34am,10:36am
6585,10:39am,10:41am,10:46am,10:48am
6586,10:51am,10:53am,10:58am,11:00am
6587,11:03am,11:05am,11:10am,11:12am
6588,11:15am,11:17am,11:22am,11:24am
6589,11:27am,11:29am,11:34am,11:36am
6590,11:39am,11:41am,11:46am,11:48am
6591,11:51am,11:53am,11:58am,12:00pm
6592,12:03pm,12:05pm,12:10pm,12:12pm
6593,12:18pm,12:20pm,12:25pm,12:27pm
6594,12:33pm,12:35pm,12:40pm,12:42pm
6595,12:48pm,12:50pm,12:55pm,12:57pm
6596,1:03pm,1:05pm,1:10pm,1:12pm
6597,1:18pm,1:20pm,1:25pm,1:27pm
6598,1:33pm,1:35pm,1:40pm,1:42pm
6599,1:48pm,1:50pm,1:55pm,1:57pm
6600,2:03pm,2:05pm,2:10pm,2:12pm
6601,2:18pm,2:20pm,2:25pm,2:27pm
6602,2:33pm,2:35pm,2:40pm,2:42pm
6603,2:48pm,2:50pm,2:55pm,2:57pm
6604,3:03pm,3:05pm,3:10pm,3:12pm
6605,3:18pm,3:20pm,3:25pm,3:27pm
6606,3:33pm,3:35pm,3:40pm,3:42pm
6607,3:48pm,3:50pm,3:55pm,3:57pm
6608,4:03pm,4:05pm,4:10pm,4:12pm
6609,4:18pm,4:20pm,4:25pm,4:27pm
6610,4:33pm,4:35pm,4:40pm,4:42pm
6611,4:48pm,4:50pm,4:55pm,4:57pm
6612,5:03pm,5:05pm,5:10pm,5:12pm
6613,5:15pm,5:17pm,5:22pm,5:24pm
6614,5:27pm,5:29pm,5:34pm,5:36pm
6615,5:39pm,5:41pm,5:46pm,5:48pm
6616,5:51pm,5:53pm,5:58pm,6:00pm
6617,6:03pm,6:05pm,6:10pm,6:12pm
6618,6:15pm,6:17pm,6:22pm,6:24pm
6619,6:27pm,6:29pm,6:34pm,6:36pm
6620,6:39pm,6:41pm,6:46pm,6:48pm
6621,6:51pm,6:53pm,6:58pm,7:00pm
6622,7:03pm,7:05pm,7:10pm,7:12pm
6623,7:15pm,7:17pm,7:22pm,7:24pm
6624,7:27pm,7:29pm,7:34pm,7:36pm
6625,7:39pm,7:41pm,7:46pm,7:48pm
6626,7:51pm,7:53pm,7:58pm,8:00pm
6627,8:03pm,8:05pm,8:10pm,8:12pm
6628,8:15pm,8:17pm,8:22pm,8:24pm
6629,8:27pm,8:29pm,8:34pm,8:36pm
6630,8:39pm,8:41pm,8:46pm,8:48pm
6631,8:51pm,8:53pm,8:58pm,9:00pm
6632,9:03pm,9:05pm,9:10pm,9:12pm
6633,9:18pm,9:20pm,9:25pm,9:27pm
6634,9:33pm,9:35pm,9:40pm,9:42pm
6635,9:48pm,9:50pm,9:55pm,9:57pm
6636,10:03pm,10:05pm,10:10pm,10:12pm
6637,10:18pm,10:20pm,10:25pm,10:27pm
6638,10:33pm,10:35pm,10:40pm,10:42pm
6639,10:48pm,10:50pm,10:55pm,10:57pm
