ID,Dwarka Sector - 21,IGI Airport,Delhi Aerocity,Dhaula Kuan,Shivaji Stadium,New Delhi
6792,4:45am,4:49am,4:55am,5:02am,5:09am,5:12am
6793,4:55am,4:59am,5:05am,5:12am,5:19am,5:22am
6794,5:05am,5:09am,5:15am,5:22am,5:29am,5:32am
6795,5:15am,5:19am,5:25am,5:32am,5:39am,5:42am
6796,5:25am,5:29am,5:35am,5:42am,5:49am,5:52am
6797,5:35am,5:39am,5:45am,5:52am,5:59am,6:02am
6798,5:45am,5:49am,5:55am,6:02am,6:09am,6:12am
6799,5:55am,5:59am,6:05am,6:12am,6:19am,6:22am
6800,6:05am,6:09am,6:15am,6:22am,6:29am,6:32am
6801,6:15am,6:19am,6:25am,6:32am,6:39am,6:42am
6802,6:25am,6:29am,6:35am,6:42am,6:49am,6:52am
6803,6:35am,6:39am,6:45am,6:52am,6:59am,7:02am
6804,6:45am,6:49am,6:55am,7:02am,7:09am,7:12am
6805,6:55am,6:59am,7:05am,7:12am,7:19am,7:22am
6806,7:05am,7:09am,7:15am,7:22am,7:29am,7:32am
6807,7:15am,7:19am,7:25am,7:32am,7:39am,7:42am
6808,7:25am,7:29am,7:35am,7:42am,7:49am,7:52am
6809,7:35am,7:39am,7:45am,7:52am,7:59am,8:02am
6810,7:45am,7:49am,7:55am,8:02am,8:09am,8:12am
6811,7:55am,7:59am,8:05am,8:12am,8:19am,8:22am
6812,8:05am,8:09am,8:15am,8:22am,8:29am,8:32am
6813,8:15am,8:19am,8:25am,8:32am,8:39am,8:42am
6814,8:25am,8:29am,8:35am,8:42am,8:49am,8:52am
6815,8:35am,8:39am,8:45am,8:52am,8:59am,9:02am
6816,8:45am,8:49am,8:55am,9:02am,9:09am,9:12am
6817,8:55am,8:59am,9:05am,9:12am,9:19am,9:22am
6818,9:05am,9:09am,9:15am,9:22am,9:29am,9:32am
6819,9:15am,9:19am,9:25am,9:32am,9:39am,9:42am
6820,9:25am,9:29am,9:35am,9:42am,9:49am,9:52am
6821,9:35am,9:39am,9:45am,9:52am,9:59am,10:02am
6822,9:45am,9:49am,9:55am,10:02am,10:09am,10:12am
6823,9:55am,9:59am,10:05am,10:12am,10:19am,10:22am
6824,10:05am,10:09am,10:15am,10:22am,10:29am,10:32am
6825,10:15am,10:19am,10:25am,10:32am,10:39am,10:42am
6826,10:25am,10:29am,10:35am,10:42am,10:49am,10:52am
6827,10:35am,10:39am,10:45am,10:52am,10:59am,11:02am
6828,10:45am,10:49am,10:55am,11:02am,11:09am,11:12am
6829,10:55am,10:59am,11:05am,11:12am,11:19am,11:22am
6830,11:05am,11:09am,11:15am,11:22am,11:29am,11:32am
6831,11:15am,11:19am,11:25am,11:32am,11:39am,11:42am
6832,11:25am,11:29am,11:35am,11:42am,11:49am,11:52am
6833,11:35am,11:39am,11:45am,11:52am,11:59am,12:02pm
6834,11:45am,11:49am,11:55am,12:02pm,12:09pm,12:12pm
6835,11:55am,11:59am,12:05pm,12:12pm,12:19pm,12:22pm
6836,12:05pm,12:09pm,12:15pm,12:22pm,12:29pm,12:32pm
6837,12:15pm,12:19pm,12:25pm,12:32pm,12:39pm,12:42pm
6838,12:25pm,12:29pm,12:35pm,12:42pm,12:49pm,12:52pm
6839,12:35pm,12:39pm,12:45pm,12:52pm,12:59pm,1:02pm
6840,12:45pm,12:49pm,12:55pm,1:02pm,1:09pm,1:12pm
6841,12:55pm,12:59pm,1:05pm,1:12pm,1:19pm,1:22pm
6842,1:05pm,1:09pm,1:15pm,1:22pm,1:29pm,1:32pm
6843,1:15pm,1:19pm,1:25pm,1:32pm,1:39pm,1:42pm
6844,1:25pm,1:29pm,1:35pm,1:42pm,1:49pm,1:52pm
6845,1:35pm,1:39pm,1:45pm,1:52pm,1:59pm,2:02pm
6846,1:45pm,1:49pm,1:55pm,2:02pm,2:09pm,2:12pm
6847,1:55pm,1:59pm,2:05pm,2:12pm,2:19pm,2:22pm
6848,2:05pm,2:09pm,2:15pm,2:22pm,2:29pm,2:32pm
6849,2:15pm,2:19pm,2:25pm,2:32pm,2:39pm,2:42pm
6850,2:25pm,2:29pm,2:35pm,2:42pm,2:49pm,2:52pm
6851,2:35pm,2:39pm,2:45pm,2:52pm,2:59pm,3:02pm
6852,2:45pm,2:49pm,2:55pm,3:02pm,3:09pm,3:12pm
6853,2:55pm,2:59pm,3:05pm,3:12pm,3:19pm,3:22pm
6854,3:05pm,3:09pm,3:15pm,3:22pm,3:29pm,3:32pm
6855,3:15pm,3:19pm,3:25pm,3:32pm,3:39pm,3:42pm
6856,3:25pm,3:29pm,3:35pm,3:42pm,3:49pm,3:52pm
6857,3:35pm,3:39pm,3:45pm,3:52pm,3:59pm,4:02pm
6858,3:45pm,3:49pm,3:55pm,4:02pm,4:09pm,4:12pm
6859,3:55pm,3:59pm,4:05pm,4:12pm,4:19pm,4:22pm
6860,4:05pm,4:09pm,4:15pm,4:22pm,4:29pm,4:32pm
6861,4:15pm,4:19pm,4:25pm,4:32pm,4:39pm,4:42pm
6862,4:25pm,4:29pm,4:35pm,4:42pm,4:49pm,4:52pm
6863,4:35pm,4:39pm,4:45pm,4:52pm,4:59pm,5:02pm
6864,4:45pm,4:49pm,4:55pm,5:02pm,5:09pm,5:12pm
6865,4:55pm,4:59pm,5:05pm,5:12pm,5:19pm,5:22pm
6866,5:05pm,5:09pm,5:15pm,5:22pm,5:29pm,5:32pm
6867,5:15pm,5:19pm,5:25pm,5:32pm,5:39pm,5:42pm
6868,5:25pm,5:29pm,5:35pm,5:42pm,5:49pm,5:52pm
6869,5:35pm,5:39pm,5:45pm,5:52pm,5:59pm,6:02pm
6870,5:45pm,5:49pm,5:55pm,6:02pm,6:09pm,6:12pm
6871,5:55pm,5:59pm,6:05pm,6:12pm,6:19pm,6:22pm
6872,6:05pm,6:09pm,6:15pm,6:22pm,6:29pm,6:32pm
6873,6:15pm,6:19pm,6:25pm,6:32pm,6:39pm,6:42pm
6874,6:25pm,6:29pm,6:35pm,6:42pm,6:49pm,6:52pm
6875,6:35pm,6:39pm,6:45pm,6:52pm,6:59pm,7:02pm
6876,6:45pm,6:49pm,6:55pm,7:02pm,7:09pm,7:12pm
6877,6:55pm,6:59pm,7:05pm,7:12pm,7:19pm,7:22pm
6878,7:05pm,7:09pm,7:15pm,7:22pm,7:29pm,7:32pm
6879,7:15pm,7:19pm,7:25pm,7:32pm,7:39pm,7:42pm
6880,7:25pm,7:29pm,7:35pm,7:42pm,7:49pm,7:52pm
6881,7:35pm,7:39pm,7:45pm,7:52pm,7:59pm,8:02pm
6882,7:45pm,7:49pm,7:55pm,8:02pm,8:09pm,8:12pm
6883,7:55pm,7:59pm,8:05pm,8:12pm,8:19pm,8:22pm
6884,8:05pm,8:09pm,8:15pm,8:22pm,8:29pm,8:32pm
6885,8:15pm,8:19pm,8:25pm,8:32pm,8:39pm,8:42pm
6886,8:25pm,8:29pm,8:35pm,8:42pm,8:49pm,8:52pm
6887,8:35pm,8:39pm,8:45pm,8:52pm,8:59pm,9:02pm
6888,8:45pm,8:49pm,8:55pm,9:02pm,9:09pm,9:12pm
6889,8:55pm,8:59pm,9:05pm,9:12pm,9:19pm,9:22pm
6890,9:05pm,9:09pm,9:15pm,9:22pm,9:29pm,9:32pm
6891,9:15pm,9:19pm,9:25pm,9:32pm,9:39pm,9:42pm
6892,9:25pm,9:29pm,9:35pm,9:42pm,9:49pm,9:52pm
6893,9:35pm,9:39pm,9:45pm,9:52pm,9:59pm,10:02pm
6894,9:45pm,9:49pm,9:55pm,10:02pm,10:09pm,10:12pm
6895,9:55pm,9:59pm,10:05pm,10:12pm,10:19pm,10:22pm
6896,10:05pm,10:09pm,10:15pm,10:22pm,10:29pm,10:32pm
6897,10:15pm,10:19pm,10:25pm,10:32pm,10:39pm,10:42pm
6898,10:25pm,10:29pm,10:35pm,10:42pm,10:49pm,10:52pm
6899,10:35pm,10:39pm,10:45pm,10:52pm,10:59pm,11:02pm
6900,10:45pm,10:49pm,10:55pm,11:02pm,11:09pm,11:12pm
6901,10:55pm,10:59pm,11:05pm,11:12pm,11:19pm,11:22pm
6902,11:05pm,11:09pm,11:15pm,11:22pm,11:29pm,11:32pm
6903,11:15pm,11:19pm,11:25pm,11:32pm,11:39pm,11:42pm
