ID,Huda City Centre,IFFCO Chowk,MG Road,Sikanderpur,Gurudronacharya,Arjan Garh,Ghitorni,Sultanpur,Chhattarpur,Qutab Minar,Saket,Malviya Nagar,Hauz Khas,Green Park,AIIMS,Dilli Haat - INA,Jorbagh,Lok Kalyan Marg,Udyog Bhawan,Central Secretariat,Patel Chowk,Rajiv Chowk,New Delhi,Chawri Bazar,Chandni Chowk,Kashmere Gate,Civil Lines,Vidhan Sabha,Vishwavidyalaya,Guru Tegh Bahadur Nagar,Model Town,Azadpur,Adarsh Nagar,Jahangirpuri,Haiderpur Badli Mor,Rohini Sector 18-19,Samaypur Badli
1000,6:26pm,6:28pm,6:31pm,6:33pm,6:35pm,6:39pm,6:43pm,6:45pm,6:48pm,6:51pm,6:54pm,6:57pm,7:00pm,7:03pm,7:06pm,7:08pm,7:10pm,7:13pm,7:15pm,7:17pm,7:19pm,7:22pm,7:25pm,7:27pm,7:29pm,7:32pm,7:34pm,7:37pm,7:39pm,7:42pm,7:44pm,7:47pm,7:49pm,7:52pm,7:54pm,7:57pm,8:00pm
1001,6:31pm,6:33pm,6:36pm,6:38pm,6:40pm,6:44pm,6:48pm,6:50pm,6:53pm,6:55pm,6:59pm,7:02pm,7:05pm,7:08pm,7:11pm,7:13pm,7:15pm,7:18pm,7:20pm,7:22pm,7:24pm,7:27pm,7:30pm,7:32pm,7:34pm,7:37pm,7:39pm,7:42pm,7:44pm,7:46pm,7:49pm,7:51pm,7:54pm,7:57pm,7:59pm,8:02pm,8:05pm
1002,6:36pm,6:38pm,6:41pm,6:43pm,6:45pm,6:49pm,6:52pm,6:55pm,6:58pm,7:00pm,7:04pm,7:07pm,7:10pm,7:13pm,7:15pm,7:18pm,7:20pm,7:23pm,7:25pm,7:27pm,7:29pm,7:32pm,7:35pm,7:37pm,7:39pm,7:42pm,7:44pm,7:47pm,7:49pm,7:51pm,7:54pm,7:56pm,7:59pm,8:02pm,8:04pm,8:07pm,8:10pm
1003,6:41pm,6:43pm,6:46pm,6:48pm,6:50pm,6:54pm,6:57pm,7:00pm,7:03pm,7:05pm,7:08pm,7:12pm,7:15pm,7:18pm,7:20pm,7:23pm,7:25pm,7:28pm,7:30pm,7:32pm,7:34pm,7:37pm,7:39pm,7:42pm,7:44pm,7:47pm,7:49pm,7:52pm,7:54pm,7:56pm,7:59pm,8:01pm,8:04pm,8:06pm,8:09pm,8:12pm,8:15pm
1004,6:46pm,6:48pm,6:51pm,6:53pm,6:55pm,6:59pm,7:02pm,7:05pm,7:08pm,7:10pm,7:13pm,7:17pm,7:20pm,7:23pm,7:25pm,7:28pm,7:30pm,7:33pm,7:35pm,7:37pm,7:39pm,7:42pm,7:44pm,7:47pm,7:49pm,7:52pm,7:54pm,7:56pm,7:59pm,8:01pm,8:04pm,8:06pm,8:09pm,8:11pm,8:14pm,8:17pm,8:20pm
1005,6:51pm,6:53pm,6:56pm,6:58pm,7:00pm,7:04pm,7:07pm,7:10pm,7:13pm,7:15pm,7:18pm,7:22pm,7:25pm,7:28pm,7:30pm,7:33pm,7:35pm,7:37pm,7:40pm,7:42pm,7:44pm,7:47pm,7:49pm,7:51pm,7:54pm,7:57pm,7:59pm,8:01pm,8:04pm,8:06pm,8:09pm,8:11pm,8:14pm,8:16pm,8:19pm,8:22pm,8:25pm
1006,6:55pm,6:58pm,7:00pm,7:03pm,7:05pm,7:09pm,7:12pm,7:15pm,7:17pm,7:20pm,7:23pm,7:27pm,7:30pm,7:33pm,7:35pm,7:37pm,7:40pm,7:42pm,7:45pm,7:47pm,7:49pm,7:51pm,7:54pm,7:56pm,7:59pm,8:02pm,8:04pm,8:06pm,8:09pm,8:11pm,8:14pm,8:16pm,8:19pm,8:21pm,8:24pm,8:27pm,8:29pm
1007,7:00pm,7:03pm,7:05pm,7:08pm,7:10pm,7:14pm,7:17pm,7:20pm,7:22pm,7:25pm,7:28pm,7:32pm,7:35pm,7:38pm,7:40pm,7:42pm,7:45pm,7:47pm,7:50pm,7:52pm,7:54pm,7:56pm,7:59pm,8:01pm,8:04pm,8:06pm,8:09pm,8:11pm,8:14pm,8:16pm,8:18pm,8:21pm,8:24pm,8:26pm,8:29pm,8:32pm,8:34pm
1008,7:05pm,7:08pm,7:10pm,7:13pm,7:15pm,7:18pm,7:22pm,7:24pm,7:27pm,7:30pm,7:33pm,7:37pm,7:40pm,7:43pm,7:45pm,7:47pm,7:50pm,7:52pm,7:55pm,7:57pm,7:59pm,8:01pm,8:04pm,8:06pm,8:09pm,8:11pm,8:14pm,8:16pm,8:19pm,8:21pm,8:23pm,8:26pm,8:29pm,8:31pm,8:34pm,8:37pm,8:39pm
1009,7:10pm,7:13pm,7:15pm,7:18pm,7:20pm,7:23pm,7:27pm,7:29pm,7:32pm,7:35pm,7:38pm,7:42pm,7:45pm,7:48pm,7:50pm,7:52pm,7:55pm,7:57pm,8:00pm,8:02pm,8:04pm,8:06pm,8:09pm,8:11pm,8:14pm,8:16pm,8:19pm,8:21pm,8:24pm,8:26pm,8:28pm,8:31pm,8:33pm,8:36pm,8:38pm,8:42pm,8:44pm
1010,7:15pm,7:18pm,7:20pm,7:23pm,7:25pm,7:28pm,7:32pm,7:34pm,7:37pm,7:40pm,7:43pm,7:46pm,7:50pm,7:53pm,7:55pm,7:57pm,8:00pm,8:02pm,8:05pm,8:06pm,8:09pm,8:11pm,8:14pm,8:16pm,8:19pm,8:21pm,8:24pm,8:26pm,8:29pm,8:31pm,8:33pm,8:36pm,8:38pm,8:41pm,8:43pm,8:47pm,8:49pm
1011,7:20pm,7:22pm,7:25pm,7:28pm,7:30pm,7:33pm,7:37pm,7:39pm,7:42pm,7:45pm,7:48pm,7:51pm,7:54pm,7:58pm,8:00pm,8:02pm,8:05pm,8:07pm,8:10pm,8:11pm,8:14pm,8:16pm,8:19pm,8:21pm,8:24pm,8:26pm,8:29pm,8:31pm,8:34pm,8:36pm,8:38pm,8:41pm,8:43pm,8:46pm,8:48pm,8:52pm,8:54pm
1012,7:25pm,7:27pm,7:30pm,7:33pm,7:35pm,7:38pm,7:42pm,7:44pm,7:47pm,7:50pm,7:53pm,7:56pm,7:59pm,8:02pm,8:05pm,8:07pm,8:10pm,8:12pm,8:14pm,8:16pm,8:19pm,8:21pm,8:24pm,8:26pm,8:29pm,8:31pm,8:34pm,8:36pm,8:38pm,8:41pm,8:43pm,8:46pm,8:48pm,8:51pm,8:53pm,8:57pm,8:59pm
1013,7:30pm,7:32pm,7:35pm,7:37pm,7:40pm,7:43pm,7:47pm,7:49pm,7:52pm,7:55pm,7:58pm,8:01pm,8:04pm,8:07pm,8:10pm,8:12pm,8:14pm,8:17pm,8:19pm,8:21pm,8:23pm,8:26pm,8:29pm,8:31pm,8:33pm,8:36pm,8:39pm,8:41pm,8:43pm,8:46pm,8:48pm,8:51pm,8:53pm,8:56pm,8:58pm,9:01pm,9:04pm
1014,7:35pm,7:37pm,7:40pm,7:42pm,7:44pm,7:48pm,7:52pm,7:54pm,7:57pm,8:00pm,8:03pm,8:06pm,8:09pm,8:12pm,8:15pm,8:17pm,8:19pm,8:22pm,8:24pm,8:26pm,8:28pm,8:31pm,8:34pm,8:36pm,8:38pm,8:41pm,8:43pm,8:46pm,8:48pm,8:51pm,8:53pm,8:56pm,8:58pm,9:01pm,9:03pm,9:06pm,9:09pm
1015,7:40pm,7:42pm,7:45pm,7:47pm,7:49pm,7:53pm,7:57pm,7:59pm,8:02pm,8:05pm,8:08pm,8:11pm,8:14pm,8:17pm,8:20pm,8:22pm,8:24pm,8:27pm,8:29pm,8:31pm,8:33pm,8:36pm,8:39pm,8:41pm,8:43pm,8:46pm,8:48pm,8:51pm,8:53pm,8:56pm,8:58pm,9:01pm,9:03pm,9:06pm,9:08pm,9:11pm,9:14pm
1016,7:45pm,7:47pm,7:50pm,7:52pm,7:54pm,7:58pm,8:02pm,8:04pm,8:07pm,8:09pm,8:13pm,8:16pm,8:19pm,8:22pm,8:25pm,8:27pm,8:29pm,8:32pm,8:34pm,8:36pm,8:38pm,8:41pm,8:44pm,8:46pm,8:48pm,8:51pm,8:53pm,8:56pm,8:58pm,9:00pm,9:03pm,9:05pm,9:08pm,9:11pm,9:13pm,9:16pm,9:19pm
1017,7:50pm,7:52pm,7:55pm,7:57pm,7:59pm,8:03pm,8:06pm,8:09pm,8:12pm,8:14pm,8:18pm,8:21pm,8:24pm,8:27pm,8:29pm,8:32pm,8:34pm,8:37pm,8:39pm,8:41pm,8:43pm,8:46pm,8:49pm,8:51pm,8:53pm,8:56pm,8:58pm,9:01pm,9:03pm,9:05pm,9:08pm,9:10pm,9:13pm,9:16pm,9:18pm,9:21pm,9:24pm
1018,7:55pm,7:57pm,8:00pm,8:02pm,8:04pm,8:08pm,8:11pm,8:14pm,8:17pm,8:19pm,8:22pm,8:26pm,8:29pm,8:32pm,8:34pm,8:37pm,8:39pm,8:42pm,8:44pm,8:46pm,8:48pm,8:51pm,8:53pm,8:56pm,8:58pm,9:01pm,9:03pm,9:06pm,9:08pm,9:10pm,9:13pm,9:15pm,9:18pm,9:20pm,9:23pm,9:26pm,9:29pm
1019,8:00pm,8:02pm,8:05pm,8:07pm,8:09pm,8:13pm,8:16pm,8:19pm,8:22pm,8:24pm,8:27pm,8:31pm,8:34pm,8:37pm,8:39pm,8:42pm,8:44pm,8:47pm,8:49pm,8:51pm,8:53pm,8:56pm,8:58pm,9:01pm,9:03pm,9:06pm,9:08pm,9:10pm,9:13pm,9:15pm,9:18pm,9:20pm,9:23pm,9:25pm,9:28pm,9:31pm,9:34pm
1020,8:05pm,8:07pm,8:10pm,8:12pm,8:14pm,8:18pm,8:21pm,8:24pm,8:27pm,8:29pm,8:32pm,8:36pm,8:39pm,8:42pm,8:44pm,8:47pm,8:49pm,8:51pm,8:54pm,8:56pm,8:58pm,9:01pm,9:03pm,9:05pm,9:08pm,9:11pm,9:13pm,9:15pm,9:18pm,9:20pm,9:23pm,9:25pm,9:28pm,9:30pm,9:33pm,9:36pm,9:39pm
1021,8:09pm,8:12pm,8:14pm,8:17pm,8:19pm,8:23pm,8:26pm,8:29pm,8:31pm,8:34pm,8:37pm,8:41pm,8:44pm,8:47pm,8:49pm,8:51pm,8:54pm,8:56pm,8:59pm,9:01pm,9:03pm,9:05pm,9:08pm,9:10pm,9:13pm,9:16pm,9:18pm,9:20pm,9:23pm,9:25pm,9:28pm,9:30pm,9:33pm,9:35pm,9:38pm,9:41pm,9:43pm
1022,8:14pm,8:17pm,8:19pm,8:22pm,8:24pm,8:28pm,8:31pm,8:34pm,8:36pm,8:39pm,8:42pm,8:46pm,8:49pm,8:52pm,8:54pm,8:56pm,8:59pm,9:01pm,9:04pm,9:06pm,9:08pm,9:10pm,9:13pm,9:15pm,9:18pm,9:20pm,9:23pm,9:25pm,9:28pm,9:30pm,9:32pm,9:35pm,9:38pm,9:40pm,9:43pm,9:46pm,9:48pm
1023,8:19pm,8:22pm,8:24pm,8:27pm,8:29pm,8:32pm,8:36pm,8:38pm,8:41pm,8:44pm,8:47pm,8:51pm,8:54pm,8:57pm,8:59pm,9:01pm,9:04pm,9:06pm,9:09pm,9:11pm,9:13pm,9:15pm,9:18pm,9:20pm,9:23pm,9:25pm,9:28pm,9:30pm,9:33pm,9:35pm,9:37pm,9:40pm,9:43pm,9:45pm,9:48pm,9:51pm,9:53pm
1024,8:24pm,8:27pm,8:29pm,8:32pm,8:34pm,8:37pm,8:41pm,8:43pm,8:46pm,8:49pm,8:52pm,8:56pm,8:59pm,9:02pm,9:04pm,9:06pm,9:09pm,9:11pm,9:14pm,9:16pm,9:18pm,9:20pm,9:23pm,9:25pm,9:28pm,9:30pm,9:33pm,9:35pm,9:38pm,9:40pm,9:42pm,9:45pm,9:47pm,9:50pm,9:52pm,9:56pm,9:58pm
1025,8:29pm,8:32pm,8:34pm,8:37pm,8:39pm,8:42pm,8:46pm,8:48pm,8:51pm,8:54pm,8:57pm,9:00pm,9:04pm,9:07pm,9:09pm,9:11pm,9:14pm,9:16pm,9:19pm,9:20pm,9:23pm,9:25pm,9:28pm,9:30pm,9:33pm,9:35pm,9:38pm,9:40pm,9:43pm,9:45pm,9:47pm,9:50pm,9:52pm,9:55pm,9:57pm,10:01pm,10:03pm
1026,8:34pm,8:36pm,8:39pm,8:42pm,8:44pm,8:47pm,8:51pm,8:53pm,8:56pm,8:59pm,9:02pm,9:05pm,9:08pm,9:12pm,9:14pm,9:16pm,9:19pm,9:21pm,9:24pm,9:25pm,9:28pm,9:30pm,9:33pm,9:35pm,9:38pm,9:40pm,9:43pm,9:45pm,9:48pm,9:50pm,9:52pm,9:55pm,9:57pm,10:00pm,10:02pm,10:06pm,10:08pm
1027,8:39pm,8:41pm,8:44pm,8:47pm,8:49pm,8:52pm,8:56pm,8:58pm,9:01pm,9:04pm,9:07pm,9:10pm,9:13pm,9:16pm,9:19pm,9:21pm,9:24pm,9:26pm,9:28pm,9:30pm,9:33pm,9:35pm,9:38pm,9:40pm,9:43pm,9:45pm,9:48pm,9:50pm,9:52pm,9:55pm,9:57pm,10:00pm,10:02pm,10:05pm,10:07pm,10:11pm,10:13pm
1028,8:44pm,8:46pm,8:49pm,8:51pm,8:54pm,8:57pm,9:01pm,9:03pm,9:06pm,9:09pm,9:12pm,9:15pm,9:18pm,9:21pm,9:24pm,9:26pm,9:28pm,9:31pm,9:33pm,9:35pm,9:37pm,9:40pm,9:43pm,9:45pm,9:47pm,9:50pm,9:53pm,9:55pm,9:57pm,10:00pm,10:02pm,10:05pm,10:07pm,10:10pm,10:12pm,10:15pm,10:18pm
1029,8:49pm,8:51pm,8:54pm,8:56pm,8:58pm,9:02pm,9:06pm,9:08pm,9:11pm,9:14pm,9:17pm,9:20pm,9:23pm,9:26pm,9:29pm,9:31pm,9:33pm,9:36pm,9:38pm,9:40pm,9:42pm,9:45pm,9:48pm,9:50pm,9:52pm,9:55pm,9:57pm,10:00pm,10:02pm,10:05pm,10:07pm,10:10pm,10:12pm,10:15pm,10:17pm,10:20pm,10:23pm
1030,8:54pm,8:56pm,8:59pm,9:01pm,9:03pm,9:07pm,9:11pm,9:13pm,9:16pm,9:19pm,9:22pm,9:25pm,9:28pm,9:31pm,9:34pm,9:36pm,9:38pm,9:41pm,9:43pm,9:45pm,9:47pm,9:50pm,9:53pm,9:55pm,9:57pm,10:00pm,10:02pm,10:05pm,10:07pm,10:10pm,10:12pm,10:15pm,10:17pm,10:20pm,10:22pm,10:25pm,10:28pm
1031,8:59pm,9:01pm,9:04pm,9:06pm,9:08pm,9:12pm,9:16pm,9:18pm,9:21pm,9:23pm,9:27pm,9:30pm,9:33pm,9:36pm,9:39pm,9:41pm,9:43pm,9:46pm,9:48pm,9:50pm,9:52pm,9:55pm,9:58pm,10:00pm,10:02pm,10:05pm,10:07pm,10:10pm,10:12pm,10:14pm,10:17pm,10:19pm,10:22pm,10:25pm,10:27pm,10:30pm,10:33pm
1032,9:04pm,9:06pm,9:09pm,9:11pm,9:13pm,9:17pm,9:20pm,9:23pm,9:26pm,9:28pm,9:32pm,9:35pm,9:38pm,9:41pm,9:43pm,9:46pm,9:48pm,9:51pm,9:53pm,9:55pm,9:57pm,10:00pm,10:03pm,10:05pm,10:07pm,10:10pm,10:12pm,10:15pm,10:17pm,10:19pm,10:22pm,10:24pm,10:27pm,10:30pm,10:32pm,10:35pm,10:38pm
1033,9:09pm,9:12pm,9:14pm,9:17pm,9:19pm,9:23pm,9:26pm,9:29pm,9:31pm,9:34pm,9:37pm,9:41pm,9:44pm,9:47pm,9:49pm,9:51pm,9:54pm,9:56pm,9:59pm,10:01pm,10:03pm,10:05pm,10:08pm,10:10pm,10:13pm,10:16pm,10:18pm,10:20pm,10:23pm,10:25pm,10:28pm,10:30pm,10:33pm,10:35pm,10:38pm,10:41pm,10:43pm
1034,9:15pm,9:18pm,9:20pm,9:23pm,9:25pm,9:28pm,9:32pm,9:34pm,9:37pm,9:40pm,9:43pm,9:46pm,9:50pm,9:53pm,9:55pm,9:57pm,10:00pm,10:02pm,10:05pm,10:06pm,10:09pm,10:11pm,10:14pm,10:16pm,10:19pm,10:21pm,10:24pm,10:26pm,10:29pm,10:31pm,10:33pm,10:36pm,10:38pm,10:41pm,10:43pm,10:47pm,10:49pm
1035,9:21pm,9:23pm,9:26pm,9:28pm,9:30pm,9:34pm,9:38pm,9:40pm,9:43pm,9:46pm,9:49pm,9:52pm,9:55pm,9:58pm,10:01pm,10:03pm,10:05pm,10:08pm,10:10pm,10:12pm,10:14pm,10:17pm,10:20pm,10:22pm,10:24pm,10:27pm,10:29pm,10:32pm,10:34pm,10:37pm,10:39pm,10:42pm,10:44pm,10:47pm,10:49pm,10:52pm,10:55pm
1036,9:27pm,9:29pm,9:32pm,9:34pm,9:36pm,9:40pm,9:43pm,9:46pm,9:49pm,9:51pm,9:54pm,9:58pm,10:01pm,10:04pm,10:06pm,10:09pm,10:11pm,10:14pm,10:16pm,10:18pm,10:20pm,10:23pm,10:25pm,10:28pm,10:30pm,10:33pm,10:35pm,10:38pm,10:40pm,10:42pm,10:45pm,10:47pm,10:50pm,10:52pm,10:55pm,10:58pm,11:01pm
1037,9:32pm,9:35pm,9:37pm,9:40pm,9:42pm,9:46pm,9:49pm,9:52pm,9:54pm,9:57pm,10:00pm,10:04pm,10:07pm,10:10pm,10:12pm,10:14pm,10:17pm,10:19pm,10:22pm,10:24pm,10:26pm,10:28pm,10:31pm,10:33pm,10:36pm,10:38pm,10:41pm,10:43pm,10:46pm,10:48pm,10:50pm,10:53pm,10:56pm,10:58pm,11:01pm,11:04pm,11:06pm
1038,9:38pm,9:40pm,9:43pm,9:46pm,9:48pm,9:51pm,9:55pm,9:57pm,10:00pm,10:03pm,10:06pm,10:09pm,10:12pm,10:16pm,10:18pm,10:20pm,10:23pm,10:25pm,10:28pm,10:29pm,10:32pm,10:34pm,10:37pm,10:39pm,10:42pm,10:44pm,10:47pm,10:49pm,10:52pm,10:54pm,10:56pm,10:59pm,11:01pm,11:04pm,11:06pm,11:10pm,11:12pm
1039,9:44pm,9:46pm,9:49pm,9:51pm,9:53pm,9:57pm,10:01pm,10:03pm,10:06pm,10:09pm,10:12pm,10:15pm,10:18pm,10:21pm,10:24pm,10:26pm,10:28pm,10:31pm,10:33pm,10:35pm,10:37pm,10:40pm,10:43pm,10:45pm,10:47pm,10:50pm,10:52pm,10:55pm,10:57pm,11:00pm,11:02pm,11:05pm,11:07pm,11:10pm,11:12pm,11:15pm,11:18pm
1040,9:50pm,9:52pm,9:55pm,9:57pm,9:59pm,10:03pm,10:06pm,10:09pm,10:12pm,10:14pm,10:17pm,10:21pm,10:24pm,10:27pm,10:29pm,10:32pm,10:34pm,10:37pm,10:39pm,10:41pm,10:43pm,10:46pm,10:48pm,10:51pm,10:53pm,10:56pm,10:58pm,11:00pm,11:03pm,11:05pm,11:08pm,11:10pm,11:13pm,11:15pm,11:18pm,11:21pm,11:24pm
1041,9:55pm,9:58pm,10:00pm,10:03pm,10:05pm,10:08pm,10:12pm,10:14pm,10:17pm,10:20pm,10:23pm,10:27pm,10:30pm,10:33pm,10:35pm,10:37pm,10:40pm,10:42pm,10:45pm,10:47pm,10:49pm,10:51pm,10:54pm,10:56pm,10:59pm,11:01pm,11:04pm,11:06pm,11:09pm,11:11pm,11:13pm,11:16pm,11:19pm,11:21pm,11:24pm,11:27pm,11:29pm
1042,10:01pm,10:03pm,10:06pm,10:09pm,10:11pm,10:14pm,10:18pm,10:20pm,10:23pm,10:26pm,10:29pm,10:32pm,10:35pm,10:38pm,10:41pm,10:43pm,10:46pm,10:48pm,10:50pm,10:52pm,10:55pm,10:57pm,11:00pm,11:02pm,11:05pm,11:07pm,11:10pm,11:12pm,11:14pm,11:17pm,11:19pm,11:22pm,11:24pm,11:27pm,11:29pm,11:33pm,11:35pm
1043,10:07pm,10:09pm,10:12pm,10:14pm,10:16pm,10:20pm,10:24pm,10:26pm,10:29pm,10:31pm,10:35pm,10:38pm,10:41pm,10:44pm,10:47pm,10:49pm,10:51pm,10:54pm,10:56pm,10:58pm,11:00pm,11:03pm,11:06pm,11:08pm,11:10pm,11:13pm,11:15pm,11:18pm,11:20pm,11:22pm,11:25pm,11:27pm,11:30pm,11:33pm,11:35pm,11:38pm,11:41pm
1044,10:13pm,10:15pm,10:18pm,10:20pm,10:22pm,10:26pm,10:29pm,10:32pm,10:35pm,10:37pm,10:40pm,10:44pm,10:47pm,10:50pm,10:52pm,10:55pm,10:57pm,10:59pm,11:02pm,11:04pm,11:06pm,11:09pm,11:11pm,11:13pm,11:16pm,11:19pm,11:21pm,11:23pm,11:26pm,11:28pm,11:31pm,11:33pm,11:36pm,11:38pm,11:41pm,11:44pm,11:47pm
1045,10:18pm,10:21pm,10:23pm,10:26pm,10:28pm,10:31pm,10:35pm,10:37pm,10:40pm,10:43pm,10:46pm,10:50pm,10:53pm,10:56pm,10:58pm,11:00pm,11:03pm,11:05pm,11:08pm,11:10pm,11:12pm,11:14pm,11:17pm,11:19pm,11:22pm,11:24pm,11:27pm,11:29pm,11:32pm,11:34pm,11:36pm,11:39pm,11:41pm,11:44pm,11:46pm,11:50pm,11:52pm
1046,10:24pm,10:26pm,10:29pm,10:31pm,10:34pm,10:37pm,10:41pm,10:43pm,10:46pm,10:49pm,10:52pm,10:55pm,10:58pm,11:01pm,11:04pm,11:06pm,11:08pm,11:11pm,11:13pm,11:15pm,11:17pm,11:20pm,11:23pm,11:25pm,11:27pm,11:30pm,11:33pm,11:35pm,11:37pm,11:40pm,11:42pm,11:45pm,11:47pm,11:50pm,11:52pm,11:55pm,11:58pm
1047,10:30pm,10:32pm,10:35pm,10:37pm,10:39pm,10:43pm,10:46pm,10:49pm,10:52pm,10:54pm,10:58pm,11:01pm,11:04pm,11:07pm,11:09pm,11:12pm,11:14pm,11:17pm,11:19pm,11:21pm,11:23pm,11:26pm,11:29pm,11:31pm,11:33pm,11:36pm,11:38pm,11:41pm,11:43pm,11:45pm,11:48pm,11:50pm,11:53pm,11:56pm,11:58pm,12:01am,12:04am
1048,10:35pm,10:38pm,10:40pm,10:43pm,10:45pm,10:49pm,10:52pm,10:55pm,10:57pm,11:00pm,11:03pm,11:07pm,11:10pm,11:13pm,11:15pm,11:17pm,11:20pm,11:22pm,11:25pm,11:27pm,11:29pm,11:31pm,11:34pm,11:36pm,11:39pm,11:42pm,11:44pm,11:46pm,11:49pm,11:51pm,11:54pm,11:56pm,11:59pm,12:01am,12:04am,12:07am,12:09am
1049,10:41pm,10:44pm,10:46pm,10:49pm,10:51pm,10:54pm,10:58pm,11:00pm,11:03pm,11:06pm,11:09pm,11:12pm,11:16pm,11:19pm,11:21pm,11:23pm,11:26pm,11:28pm,11:31pm,11:32pm,11:35pm,11:37pm,11:40pm,11:42pm,11:45pm,11:47pm,11:50pm,11:52pm,11:55pm,11:57pm,11:59pm,12:02am,12:04am,12:07am,12:09am,12:13am,12:15am
1050,10:47pm,10:49pm,10:52pm,10:54pm,10:56pm,11:00pm,11:04pm,11:06pm,11:09pm,11:12pm,11:15pm,11:18pm,11:21pm,11:24pm,11:27pm,11:29pm,11:31pm,11:34pm,11:36pm,11:38pm,11:40pm,11:43pm,11:46pm,11:48pm,11:50pm,11:53pm,11:55pm,11:58pm,12:00am,12:03am,12:05am,12:08am,12:10am,12:13am,12:15am,12:18am,12:21am
1051,10:53pm,10:55pm,10:58pm,11:00pm,11:02pm,11:06pm,11:09pm,11:12pm,11:15pm,11:17pm,11:20pm,11:24pm,11:27pm,11:30pm,11:32pm,11:35pm,11:37pm,11:40pm,11:42pm,11:44pm,11:46pm,11:49pm,11:51pm,11:54pm,11:56pm,11:59pm,12:01am,12:04am,12:06am,12:08am,12:11am,12:13am,12:16am,12:18am,12:21am,12:24am,12:27am
1052,10:58pm,11:01pm,11:03pm,11:06pm,11:08pm,11:12pm,11:15pm,11:18pm,11:20pm,11:23pm,11:26pm,11:30pm,11:33pm,11:36pm,11:38pm,11:40pm,11:43pm,11:45pm,11:48pm,11:50pm,11:52pm,11:54pm,11:57pm,11:59pm,12:02am,12:04am,12:07am,12:09am,12:12am,12:14am,12:16am,12:19am,12:22am,12:24am,12:27am,12:30am,12:32am
1053,11:04pm,11:06pm,11:09pm,11:12pm,11:14pm,11:17pm,11:21pm,11:23pm,11:26pm,11:29pm,11:32pm,11:35pm,11:38pm,11:42pm,11:44pm,11:46pm,11:49pm,11:51pm,11:54pm,11:55pm,11:58pm,12:00am,12:03am,12:05am,12:08am,12:10am,12:13am,12:15am,12:18am,12:20am,12:22am,12:25am,12:27am,12:30am,12:32am,12:36am,12:38am
1054,11:10pm,11:12pm,11:15pm,11:17pm,11:19pm,11:23pm,11:27pm,11:29pm,11:32pm,11:35pm,11:38pm,11:41pm,11:44pm,11:47pm,11:50pm,11:52pm,11:54pm,11:57pm,11:59pm,12:01am,12:03am,12:06am,12:09am,12:11am,12:13am,12:16am,12:18am,12:21am,12:23am,12:26am,12:28am,12:31am,12:33am,12:36am,12:38am,12:41am,12:44am
1055,11:16pm,11:18pm,11:21pm,11:23pm,11:25pm,11:29pm,11:32pm,11:35pm,11:38pm,11:40pm,11:43pm,11:47pm,11:50pm,11:53pm,11:55pm,11:58pm,12:00am,12:03am,12:05am,12:07am,12:09am,12:12am,12:14am,12:17am,12:19am,12:22am,12:24am,12:26am,12:29am,12:31am,12:34am,12:36am,12:39am,12:41am,12:44am,12:47am,12:50am
1056,11:21pm,11:24pm,11:26pm,11:29pm,11:31pm,11:34pm,11:38pm,11:40pm,11:43pm,11:46pm,11:49pm,11:53pm,11:56pm,11:59pm,12:01am,12:03am,12:06am,12:08am,12:11am,12:13am,12:15am,12:17am,12:20am,12:22am,12:25am,12:27am,12:30am,12:32am,12:35am,12:37am,12:39am,12:42am,12:45am,12:47am,12:50am,12:53am,12:55am
1057,11:27pm,11:29pm,11:32pm,11:35pm,11:37pm,11:40pm,11:44pm,11:46pm,11:49pm,11:52pm,11:55pm,11:58pm,12:01am,12:04am,12:07am,12:09am,12:12am,12:14am,12:16am,12:18am,12:21am,12:23am,12:26am,12:28am,12:31am,12:33am,12:36am,12:38am,12:40am,12:43am,12:45am,12:48am,12:50am,12:53am,12:55am,12:59am,1:01am
1058,11:33pm,11:35pm,11:38pm,11:40pm,11:42pm,11:46pm,11:50pm,11:52pm,11:55pm,11:57pm,12:01am,12:04am,12:07am,12:10am,12:13am,12:15am,12:17am,12:20am,12:22am,12:24am,12:26am,12:29am,12:32am,12:34am,12:36am,12:39am,12:41am,12:44am,12:46am,12:48am,12:51am,12:53am,12:56am,12:59am,1:01am,1:04am,1:07am
1059,11:39pm,11:41pm,11:44pm,11:46pm,11:48pm,11:52pm,11:55pm,11:58pm,12:01am,12:03am,12:06am,12:10am,12:13am,12:16am,12:18am,12:21am,12:23am,12:25am,12:28am,12:30am,12:32am,12:35am,12:37am,12:39am,12:42am,12:45am,12:47am,12:49am,12:52am,12:54am,12:57am,12:59am,1:02am,1:04am,1:07am,1:10am,1:13am
