ID,Qutab Minar,Chhattarpur,Sultanpur,Ghitorni,Arjan Garh,Gurudronacharya,Sikanderpur,MG Road,IFFCO Chowk,Huda City Centre
11441,5:49am,5:52am,5:55am,5:57am,6:01am,6:04am,6:07am,6:09am,6:12am,6:14am
11442,5:52am,5:55am,5:58am,6:00am,6:04am,6:07am,6:09am,6:12am,6:15am,6:17am
11443,5:55am,5:58am,6:01am,6:03am,6:07am,6:10am,6:12am,6:15am,6:17am,6:20am
11444,5:58am,6:01am,6:03am,6:06am,6:09am,6:13am,6:15am,6:18am,6:20am,6:23am
11445,6:01am,6:03am,6:06am,6:09am,6:12am,6:16am,6:18am,6:20am,6:23am,6:25am
11446,6:04am,6:06am,6:09am,6:12am,6:15am,6:19am,6:21am,6:23am,6:26am,6:28am
11447,6:07am,6:09am,6:12am,6:15am,6:18am,6:22am,6:24am,6:26am,6:29am,6:31am
11448,6:09am,6:12am,6:15am,6:17am,6:21am,6:25am,6:27am,6:29am,6:32am,6:34am
11449,6:12am,6:15am,6:18am,6:20am,6:24am,6:27am,6:30am,6:32am,6:35am,6:37am
11450,6:15am,6:18am,6:21am,6:23am,6:27am,6:30am,6:32am,6:35am,6:37am,6:40am
11451,6:18am,6:21am,6:24am,6:26am,6:30am,6:33am,6:35am,6:38am,6:40am,6:43am
11452,6:21am,6:24am,6:26am,6:29am,6:32am,6:36am,6:38am,6:41am,6:43am,6:46am
11453,6:24am,6:26am,6:29am,6:32am,6:35am,6:39am,6:41am,6:43am,6:46am,6:48am
11454,6:27am,6:29am,6:32am,6:35am,6:38am,6:42am,6:44am,6:46am,6:49am,6:51am
11455,6:30am,6:32am,6:35am,6:37am,6:41am,6:45am,6:47am,6:49am,6:52am,6:54am
11456,6:32am,6:35am,6:38am,6:40am,6:44am,6:47am,6:50am,6:52am,6:55am,6:57am
11457,6:35am,6:38am,6:41am,6:43am,6:47am,6:50am,6:52am,6:55am,6:58am,7:00am
11458,6:38am,6:41am,6:44am,6:46am,6:50am,6:53am,6:55am,6:58am,7:00am,7:03am
11459,6:41am,6:44am,6:46am,6:49am,6:52am,6:56am,6:58am,7:01am,7:03am,7:06am
11460,6:44am,6:46am,6:49am,6:52am,6:55am,6:59am,7:01am,7:03am,7:06am,7:08am
11461,6:47am,6:49am,6:52am,6:55am,6:58am,7:02am,7:04am,7:06am,7:09am,7:11am
11462,6:50am,6:52am,6:55am,6:58am,7:01am,7:05am,7:07am,7:09am,7:12am,7:14am
11463,6:52am,6:55am,6:58am,7:00am,7:04am,7:08am,7:10am,7:12am,7:15am,7:17am
11464,6:55am,6:58am,7:01am,7:03am,7:07am,7:10am,7:13am,7:15am,7:18am,7:20am
11465,6:58am,7:01am,7:04am,7:06am,7:10am,7:13am,7:15am,7:18am,7:20am,7:23am
11466,7:01am,7:04am,7:07am,7:09am,7:13am,7:16am,7:18am,7:21am,7:23am,7:26am
11467,7:04am,7:07am,7:09am,7:12am,7:15am,7:19am,7:21am,7:24am,7:26am,7:29am
11468,7:07am,7:09am,7:12am,7:15am,7:18am,7:22am,7:24am,7:26am,7:29am,7:31am
11469,7:10am,7:12am,7:15am,7:18am,7:21am,7:25am,7:27am,7:29am,7:32am,7:34am
11470,7:13am,7:15am,7:18am,7:20am,7:24am,7:28am,7:30am,7:32am,7:35am,7:37am
11471,7:15am,7:18am,7:21am,7:23am,7:27am,7:30am,7:33am,7:35am,7:38am,7:40am
11472,7:18am,7:21am,7:24am,7:26am,7:30am,7:33am,7:35am,7:38am,7:41am,7:43am
11473,7:21am,7:24am,7:27am,7:29am,7:33am,7:36am,7:38am,7:41am,7:43am,7:46am
11474,7:24am,7:27am,7:29am,7:32am,7:35am,7:39am,7:41am,7:44am,7:46am,7:49am
11475,7:27am,7:29am,7:32am,7:35am,7:38am,7:42am,7:44am,7:46am,7:49am,7:51am
11476,7:30am,7:32am,7:35am,7:38am,7:41am,7:45am,7:47am,7:49am,7:52am,7:54am
11477,7:33am,7:35am,7:38am,7:41am,7:44am,7:48am,7:50am,7:52am,7:55am,7:57am
11478,7:35am,7:38am,7:41am,7:43am,7:47am,7:51am,7:53am,7:55am,7:58am,8:00am
11479,7:38am,7:41am,7:44am,7:46am,7:50am,7:53am,7:56am,7:58am,8:01am,8:03am
11480,7:41am,7:44am,7:47am,7:49am,7:53am,7:56am,7:58am,8:01am,8:03am,8:06am
11481,7:44am,7:47am,7:50am,7:52am,7:56am,7:59am,8:01am,8:04am,8:06am,8:09am
11482,7:47am,7:50am,7:52am,7:55am,7:58am,8:02am,8:04am,8:07am,8:09am,8:12am
11483,7:50am,7:52am,7:55am,7:58am,8:01am,8:05am,8:07am,8:09am,8:12am,8:14am
11484,7:53am,7:55am,7:58am,8:01am,8:04am,8:08am,8:10am,8:12am,8:15am,8:17am
11485,7:56am,7:58am,8:01am,8:03am,8:07am,8:11am,8:13am,8:15am,8:18am,8:20am
11486,7:58am,8:01am,8:04am,8:06am,8:10am,8:13am,8:16am,8:18am,8:21am,8:23am
11487,8:01am,8:04am,8:07am,8:09am,8:13am,8:16am,8:18am,8:21am,8:24am,8:26am
11488,8:16am,8:19am,8:22am,8:24am,8:28am,8:31am,8:33am,8:36am,8:38am,8:41am
11489,8:31am,8:33am,8:36am,8:39am,8:42am,8:46am,8:48am,8:50am,8:53am,8:55am
11490,8:46am,8:48am,8:51am,8:54am,8:57am,9:01am,9:03am,9:05am,9:08am,9:10am
11491,9:00am,9:03am,9:06am,9:08am,9:12am,9:16am,9:18am,9:20am,9:23am,9:25am
11492,9:15am,9:18am,9:21am,9:23am,9:27am,9:30am,9:32am,9:35am,9:38am,9:40am
11493,9:30am,9:33am,9:36am,9:38am,9:42am,9:45am,9:47am,9:50am,9:52am,9:55am
11494,9:45am,9:47am,9:50am,9:53am,9:56am,10:00am,10:02am,10:04am,10:07am,10:09am
11495,10:00am,10:02am,10:05am,10:08am,10:11am,10:15am,10:17am,10:19am,10:22am,10:24am
11496,10:14am,10:17am,10:20am,10:22am,10:26am,10:30am,10:32am,10:34am,10:37am,10:39am
11497,10:29am,10:32am,10:35am,10:37am,10:41am,10:44am,10:46am,10:49am,10:52am,10:54am
11498,10:44am,10:47am,10:50am,10:52am,10:56am,10:59am,11:01am,11:04am,11:06am,11:09am
11499,10:59am,11:01am,11:04am,11:07am,11:10am,11:14am,11:16am,11:18am,11:21am,11:23am
11500,11:14am,11:16am,11:19am,11:22am,11:25am,11:29am,11:31am,11:33am,11:36am,11:38am
11501,11:28am,11:31am,11:34am,11:36am,11:40am,11:44am,11:46am,11:48am,11:51am,11:53am
11502,11:43am,11:46am,11:49am,11:51am,11:55am,11:58am,12:00pm,12:03pm,12:06pm,12:08pm
11503,11:58am,12:01pm,12:04pm,12:06pm,12:10pm,12:13pm,12:15pm,12:18pm,12:20pm,12:23pm
11504,12:13pm,12:15pm,12:18pm,12:21pm,12:24pm,12:28pm,12:30pm,12:32pm,12:35pm,12:37pm
11505,12:16pm,12:18pm,12:21pm,12:24pm,12:27pm,12:31pm,12:33pm,12:35pm,12:38pm,12:40pm
11506,12:19pm,12:21pm,12:24pm,12:27pm,12:30pm,12:34pm,12:36pm,12:38pm,12:41pm,12:43pm
11507,12:21pm,12:24pm,12:27pm,12:29pm,12:33pm,12:37pm,12:39pm,12:41pm,12:44pm,12:46pm
11508,12:24pm,12:27pm,12:30pm,12:32pm,12:36pm,12:39pm,12:42pm,12:44pm,12:47pm,12:49pm
11509,12:27pm,12:30pm,12:33pm,12:35pm,12:39pm,12:42pm,12:44pm,12:47pm,12:49pm,12:52pm
11510,12:30pm,12:33pm,12:36pm,12:38pm,12:42pm,12:45pm,12:47pm,12:50pm,12:52pm,12:55pm
11511,12:33pm,12:36pm,12:38pm,12:41pm,12:44pm,12:48pm,12:50pm,12:53pm,12:55pm,12:58pm
11512,12:36pm,12:38pm,12:41pm,12:44pm,12:47pm,12:51pm,12:53pm,12:55pm,12:58pm,1:00pm
11513,12:39pm,12:41pm,12:44pm,12:47pm,12:50pm,12:54pm,12:56pm,12:58pm,1:01pm,1:03pm
11514,12:42pm,12:44pm,12:47pm,12:49pm,12:53pm,12:57pm,12:59pm,1:01pm,1:04pm,1:06pm
11515,12:44pm,12:47pm,12:50pm,12:52pm,12:56pm,12:59pm,1:02pm,1:04pm,1:07pm,1:09pm
11516,12:47pm,12:50pm,12:53pm,12:55pm,12:59pm,1:02pm,1:04pm,1:07pm,1:10pm,1:12pm
11517,12:50pm,12:53pm,12:56pm,12:58pm,1:02pm,1:05pm,1:07pm,1:10pm,1:12pm,1:15pm
11518,12:53pm,12:56pm,12:58pm,1:01pm,1:04pm,1:08pm,1:10pm,1:13pm,1:15pm,1:18pm
11519,12:56pm,12:58pm,1:01pm,1:04pm,1:07pm,1:11pm,1:13pm,1:15pm,1:18pm,1:20pm
11520,12:59pm,1:01pm,1:04pm,1:07pm,1:10pm,1:14pm,1:16pm,1:18pm,1:21pm,1:23pm
11521,1:02pm,1:04pm,1:07pm,1:10pm,1:13pm,1:17pm,1:19pm,1:21pm,1:24pm,1:26pm
11522,1:04pm,1:07pm,1:10pm,1:12pm,1:16pm,1:20pm,1:22pm,1:24pm,1:27pm,1:29pm
11523,1:07pm,1:10pm,1:13pm,1:15pm,1:19pm,1:22pm,1:25pm,1:27pm,1:30pm,1:32pm
11524,1:10pm,1:13pm,1:16pm,1:18pm,1:22pm,1:25pm,1:27pm,1:30pm,1:32pm,1:35pm
11525,1:13pm,1:16pm,1:19pm,1:21pm,1:25pm,1:28pm,1:30pm,1:33pm,1:35pm,1:38pm
11526,1:16pm,1:19pm,1:21pm,1:24pm,1:27pm,1:31pm,1:33pm,1:36pm,1:38pm,1:41pm
11527,1:19pm,1:21pm,1:24pm,1:27pm,1:30pm,1:34pm,1:36pm,1:38pm,1:41pm,1:43pm
11528,1:22pm,1:24pm,1:27pm,1:30pm,1:33pm,1:37pm,1:39pm,1:41pm,1:44pm,1:46pm
11529,1:25pm,1:27pm,1:30pm,1:32pm,1:36pm,1:40pm,1:42pm,1:44pm,1:47pm,1:49pm
11530,1:27pm,1:30pm,1:33pm,1:35pm,1:39pm,1:42pm,1:45pm,1:47pm,1:50pm,1:52pm
11531,1:30pm,1:33pm,1:36pm,1:38pm,1:42pm,1:45pm,1:47pm,1:50pm,1:53pm,1:55pm
11532,1:33pm,1:36pm,1:39pm,1:41pm,1:45pm,1:48pm,1:50pm,1:53pm,1:55pm,1:58pm
11533,1:36pm,1:39pm,1:41pm,1:44pm,1:47pm,1:51pm,1:53pm,1:56pm,1:58pm,2:01pm
11534,1:39pm,1:41pm,1:44pm,1:47pm,1:50pm,1:54pm,1:56pm,1:58pm,2:01pm,2:03pm
11535,1:42pm,1:44pm,1:47pm,1:50pm,1:53pm,1:57pm,1:59pm,2:01pm,2:04pm,2:06pm
11536,1:45pm,1:47pm,1:50pm,1:53pm,1:56pm,2:00pm,2:02pm,2:04pm,2:07pm,2:09pm
11537,1:47pm,1:50pm,1:53pm,1:55pm,1:59pm,2:03pm,2:05pm,2:07pm,2:10pm,2:12pm
11538,1:50pm,1:53pm,1:56pm,1:58pm,2:02pm,2:05pm,2:08pm,2:10pm,2:13pm,2:15pm
11539,1:53pm,1:56pm,1:59pm,2:01pm,2:05pm,2:08pm,2:10pm,2:13pm,2:15pm,2:18pm
11540,1:56pm,1:59pm,2:02pm,2:04pm,2:08pm,2:11pm,2:13pm,2:16pm,2:18pm,2:21pm
11541,1:59pm,2:02pm,2:04pm,2:07pm,2:10pm,2:14pm,2:16pm,2:19pm,2:21pm,2:24pm
11542,2:02pm,2:04pm,2:07pm,2:10pm,2:13pm,2:17pm,2:19pm,2:21pm,2:24pm,2:26pm
11543,2:05pm,2:07pm,2:10pm,2:13pm,2:16pm,2:20pm,2:22pm,2:24pm,2:27pm,2:29pm
11544,2:08pm,2:10pm,2:13pm,2:15pm,2:19pm,2:23pm,2:25pm,2:27pm,2:30pm,2:32pm
11545,2:10pm,2:13pm,2:16pm,2:18pm,2:22pm,2:25pm,2:28pm,2:30pm,2:33pm,2:35pm
11546,2:13pm,2:16pm,2:19pm,2:21pm,2:25pm,2:28pm,2:30pm,2:33pm,2:36pm,2:38pm
11547,2:16pm,2:19pm,2:22pm,2:24pm,2:28pm,2:31pm,2:33pm,2:36pm,2:38pm,2:41pm
11548,2:19pm,2:22pm,2:24pm,2:27pm,2:30pm,2:34pm,2:36pm,2:39pm,2:41pm,2:44pm
11549,2:22pm,2:24pm,2:27pm,2:30pm,2:33pm,2:37pm,2:39pm,2:41pm,2:44pm,2:46pm
11550,2:25pm,2:27pm,2:30pm,2:33pm,2:36pm,2:40pm,2:42pm,2:44pm,2:47pm,2:49pm
11551,2:28pm,2:30pm,2:33pm,2:36pm,2:39pm,2:43pm,2:45pm,2:47pm,2:50pm,2:52pm
11552,2:30pm,2:33pm,2:36pm,2:38pm,2:42pm,2:46pm,2:48pm,2:50pm,2:53pm,2:55pm
11553,2:33pm,2:36pm,2:39pm,2:41pm,2:45pm,2:48pm,2:51pm,2:53pm,2:56pm,2:58pm
11554,2:36pm,2:39pm,2:42pm,2:44pm,2:48pm,2:51pm,2:53pm,2:56pm,2:58pm,3:01pm
11555,2:39pm,2:42pm,2:45pm,2:47pm,2:51pm,2:54pm,2:56pm,2:59pm,3:01pm,3:04pm
11556,2:42pm,2:45pm,2:47pm,2:50pm,2:53pm,2:57pm,2:59pm,3:02pm,3:04pm,3:07pm
11557,2:45pm,2:47pm,2:50pm,2:53pm,2:56pm,3:00pm,3:02pm,3:04pm,3:07pm,3:09pm
11558,2:48pm,2:50pm,2:53pm,2:56pm,2:59pm,3:03pm,3:05pm,3:07pm,3:10pm,3:12pm
11559,2:51pm,2:53pm,2:56pm,2:58pm,3:02pm,3:06pm,3:08pm,3:10pm,3:13pm,3:15pm
11560,2:53pm,2:56pm,2:59pm,3:01pm,3:05pm,3:08pm,3:11pm,3:13pm,3:16pm,3:18pm
11561,2:56pm,2:59pm,3:02pm,3:04pm,3:08pm,3:11pm,3:13pm,3:16pm,3:19pm,3:21pm
11562,2:59pm,3:02pm,3:05pm,3:07pm,3:11pm,3:14pm,3:16pm,3:19pm,3:21pm,3:24pm
11563,3:02pm,3:05pm,3:07pm,3:10pm,3:13pm,3:17pm,3:19pm,3:22pm,3:24pm,3:27pm
11564,3:05pm,3:07pm,3:10pm,3:13pm,3:16pm,3:20pm,3:22pm,3:24pm,3:27pm,3:29pm
11565,3:08pm,3:10pm,3:13pm,3:16pm,3:19pm,3:23pm,3:25pm,3:27pm,3:30pm,3:32pm
11566,3:11pm,3:13pm,3:16pm,3:19pm,3:22pm,3:26pm,3:28pm,3:30pm,3:33pm,3:35pm
11567,3:13pm,3:16pm,3:19pm,3:21pm,3:25pm,3:29pm,3:31pm,3:33pm,3:36pm,3:38pm
11568,3:16pm,3:19pm,3:22pm,3:24pm,3:28pm,3:31pm,3:34pm,3:36pm,3:39pm,3:41pm
11569,3:19pm,3:22pm,3:25pm,3:27pm,3:31pm,3:34pm,3:36pm,3:39pm,3:41pm,3:44pm
11570,3:22pm,3:25pm,3:28pm,3:30pm,3:34pm,3:37pm,3:39pm,3:42pm,3:44pm,3:47pm
11571,3:25pm,3:28pm,3:30pm,3:33pm,3:36pm,3:40pm,3:42pm,3:45pm,3:47pm,3:50pm
11572,3:28pm,3:30pm,3:33pm,3:36pm,3:39pm,3:43pm,3:45pm,3:47pm,3:50pm,3:52pm
11573,3:31pm,3:33pm,3:36pm,3:39pm,3:42pm,3:46pm,3:48pm,3:50pm,3:53pm,3:55pm
11574,3:34pm,3:36pm,3:39pm,3:41pm,3:45pm,3:49pm,3:51pm,3:53pm,3:56pm,3:58pm
11575,3:36pm,3:39pm,3:42pm,3:44pm,3:48pm,3:51pm,3:54pm,3:56pm,3:59pm,4:01pm
11576,3:39pm,3:42pm,3:45pm,3:47pm,3:51pm,3:54pm,3:56pm,3:59pm,4:02pm,4:04pm
11577,3:42pm,3:45pm,3:48pm,3:50pm,3:54pm,3:57pm,3:59pm,4:02pm,4:04pm,4:07pm
11578,3:45pm,3:48pm,3:50pm,3:53pm,3:56pm,4:00pm,4:02pm,4:05pm,4:07pm,4:10pm
11579,3:48pm,3:50pm,3:53pm,3:56pm,3:59pm,4:03pm,4:05pm,4:07pm,4:10pm,4:12pm
11580,3:51pm,3:53pm,3:56pm,3:59pm,4:02pm,4:06pm,4:08pm,4:10pm,4:13pm,4:15pm
11581,3:54pm,3:56pm,3:59pm,4:02pm,4:05pm,4:09pm,4:11pm,4:13pm,4:16pm,4:18pm
11582,3:56pm,3:59pm,4:02pm,4:04pm,4:08pm,4:12pm,4:14pm,4:16pm,4:19pm,4:21pm
11583,3:59pm,4:02pm,4:05pm,4:07pm,4:11pm,4:14pm,4:17pm,4:19pm,4:22pm,4:24pm
11584,4:02pm,4:05pm,4:08pm,4:10pm,4:14pm,4:17pm,4:19pm,4:22pm,4:24pm,4:27pm
11585,4:05pm,4:08pm,4:11pm,4:13pm,4:17pm,4:20pm,4:22pm,4:25pm,4:27pm,4:30pm
11586,4:08pm,4:11pm,4:13pm,4:16pm,4:19pm,4:23pm,4:25pm,4:28pm,4:30pm,4:33pm
11587,4:11pm,4:13pm,4:16pm,4:19pm,4:22pm,4:26pm,4:28pm,4:30pm,4:33pm,4:35pm
11588,4:14pm,4:16pm,4:19pm,4:22pm,4:25pm,4:29pm,4:31pm,4:33pm,4:36pm,4:38pm
11589,4:17pm,4:19pm,4:22pm,4:24pm,4:28pm,4:32pm,4:34pm,4:36pm,4:39pm,4:41pm
11590,4:19pm,4:22pm,4:25pm,4:27pm,4:31pm,4:34pm,4:37pm,4:39pm,4:42pm,4:44pm
11591,4:22pm,4:25pm,4:28pm,4:30pm,4:34pm,4:37pm,4:39pm,4:42pm,4:45pm,4:47pm
11592,4:25pm,4:28pm,4:31pm,4:33pm,4:37pm,4:40pm,4:42pm,4:45pm,4:47pm,4:50pm
11593,4:28pm,4:31pm,4:33pm,4:36pm,4:39pm,4:43pm,4:45pm,4:48pm,4:50pm,4:53pm
11594,4:31pm,4:33pm,4:36pm,4:39pm,4:42pm,4:46pm,4:48pm,4:50pm,4:53pm,4:55pm
11595,4:34pm,4:36pm,4:39pm,4:42pm,4:45pm,4:49pm,4:51pm,4:53pm,4:56pm,4:58pm
11596,4:37pm,4:39pm,4:42pm,4:45pm,4:48pm,4:52pm,4:54pm,4:56pm,4:59pm,5:01pm
11597,4:39pm,4:42pm,4:45pm,4:47pm,4:51pm,4:55pm,4:57pm,4:59pm,5:02pm,5:04pm
11598,4:42pm,4:45pm,4:48pm,4:50pm,4:54pm,4:57pm,5:00pm,5:02pm,5:05pm,5:07pm
11599,4:45pm,4:48pm,4:51pm,4:53pm,4:57pm,5:00pm,5:02pm,5:05pm,5:07pm,5:10pm
11600,4:48pm,4:51pm,4:54pm,4:56pm,5:00pm,5:03pm,5:05pm,5:08pm,5:10pm,5:13pm
11601,4:51pm,4:54pm,4:56pm,4:59pm,5:02pm,5:06pm,5:08pm,5:11pm,5:13pm,5:16pm
11602,4:54pm,4:56pm,4:59pm,5:02pm,5:05pm,5:09pm,5:11pm,5:13pm,5:16pm,5:18pm
11603,4:57pm,4:59pm,5:02pm,5:05pm,5:08pm,5:12pm,5:14pm,5:16pm,5:19pm,5:21pm
11604,5:00pm,5:02pm,5:05pm,5:07pm,5:11pm,5:15pm,5:17pm,5:19pm,5:22pm,5:24pm
11605,5:02pm,5:05pm,5:08pm,5:10pm,5:14pm,5:17pm,5:20pm,5:22pm,5:25pm,5:27pm
11606,5:17pm,5:20pm,5:23pm,5:25pm,5:29pm,5:32pm,5:34pm,5:37pm,5:39pm,5:42pm
11607,5:32pm,5:35pm,5:37pm,5:40pm,5:43pm,5:47pm,5:49pm,5:52pm,5:54pm,5:57pm
11608,5:47pm,5:49pm,5:52pm,5:55pm,5:58pm,6:02pm,6:04pm,6:06pm,6:09pm,6:11pm
11609,6:02pm,6:04pm,6:07pm,6:10pm,6:13pm,6:17pm,6:19pm,6:21pm,6:24pm,6:26pm
11610,6:16pm,6:19pm,6:22pm,6:24pm,6:28pm,6:31pm,6:34pm,6:36pm,6:39pm,6:41pm
11611,6:31pm,6:34pm,6:37pm,6:39pm,6:43pm,6:46pm,6:48pm,6:51pm,6:53pm,6:56pm
11612,6:46pm,6:49pm,6:51pm,6:54pm,6:57pm,7:01pm,7:03pm,7:06pm,7:08pm,7:11pm
11613,7:01pm,7:03pm,7:06pm,7:09pm,7:12pm,7:16pm,7:18pm,7:20pm,7:23pm,7:25pm
11614,7:16pm,7:18pm,7:21pm,7:24pm,7:27pm,7:31pm,7:33pm,7:35pm,7:38pm,7:40pm
11615,7:30pm,7:33pm,7:36pm,7:38pm,7:42pm,7:45pm,7:48pm,7:50pm,7:53pm,7:55pm
11616,7:45pm,7:48pm,7:51pm,7:53pm,7:57pm,8:00pm,8:02pm,8:05pm,8:07pm,8:10pm
11617,8:00pm,8:03pm,8:05pm,8:08pm,8:11pm,8:15pm,8:17pm,8:20pm,8:22pm,8:25pm
11618,8:15pm,8:17pm,8:20pm,8:23pm,8:26pm,8:30pm,8:32pm,8:34pm,8:37pm,8:39pm
11619,8:30pm,8:32pm,8:35pm,8:38pm,8:41pm,8:45pm,8:47pm,8:49pm,8:52pm,8:54pm
11620,8:44pm,8:47pm,8:50pm,8:52pm,8:56pm,8:59pm,9:02pm,9:04pm,9:07pm,9:09pm
11621,8:59pm,9:02pm,9:05pm,9:07pm,9:11pm,9:14pm,9:16pm,9:19pm,9:21pm,9:24pm
11622,9:14pm,9:17pm,9:19pm,9:22pm,9:25pm,9:29pm,9:31pm,9:34pm,9:36pm,9:39pm
11623,9:17pm,9:19pm,9:22pm,9:25pm,9:28pm,9:32pm,9:34pm,9:36pm,9:39pm,9:41pm
11624,9:20pm,9:22pm,9:25pm,9:28pm,9:31pm,9:35pm,9:37pm,9:39pm,9:42pm,9:44pm
11625,9:23pm,9:25pm,9:28pm,9:31pm,9:34pm,9:38pm,9:40pm,9:42pm,9:45pm,9:47pm
11626,9:25pm,9:28pm,9:31pm,9:33pm,9:37pm,9:41pm,9:43pm,9:45pm,9:48pm,9:50pm
11627,9:28pm,9:31pm,9:34pm,9:36pm,9:40pm,9:43pm,9:46pm,9:48pm,9:51pm,9:53pm
11628,9:31pm,9:34pm,9:37pm,9:39pm,9:43pm,9:46pm,9:48pm,9:51pm,9:53pm,9:56pm
11629,9:34pm,9:37pm,9:40pm,9:42pm,9:46pm,9:49pm,9:51pm,9:54pm,9:56pm,9:59pm
11630,9:37pm,9:40pm,9:42pm,9:45pm,9:48pm,9:52pm,9:54pm,9:57pm,9:59pm,10:02pm
11631,9:40pm,9:42pm,9:45pm,9:48pm,9:51pm,9:55pm,9:57pm,9:59pm,10:02pm,10:04pm
11632,9:43pm,9:45pm,9:48pm,9:51pm,9:54pm,9:58pm,10:00pm,10:02pm,10:05pm,10:07pm
11633,9:46pm,9:48pm,9:51pm,9:53pm,9:57pm,10:01pm,10:03pm,10:05pm,10:08pm,10:10pm
11634,9:48pm,9:51pm,9:54pm,9:56pm,10:00pm,10:03pm,10:06pm,10:08pm,10:11pm,10:13pm
11635,9:51pm,9:54pm,9:57pm,9:59pm,10:03pm,10:06pm,10:08pm,10:11pm,10:14pm,10:16pm
11636,9:54pm,9:57pm,10:00pm,10:02pm,10:06pm,10:09pm,10:11pm,10:14pm,10:16pm,10:19pm
11637,9:57pm,10:00pm,10:02pm,10:05pm,10:08pm,10:12pm,10:14pm,10:17pm,10:19pm,10:22pm
11638,10:00pm,10:02pm,10:05pm,10:08pm,10:11pm,10:15pm,10:17pm,10:19pm,10:22pm,10:24pm
11639,10:03pm,10:05pm,10:08pm,10:11pm,10:14pm,10:18pm,10:20pm,10:22pm,10:25pm,10:27pm
11640,10:06pm,10:08pm,10:11pm,10:14pm,10:17pm,10:21pm,10:23pm,10:25pm,10:28pm,10:30pm
11641,10:08pm,10:11pm,10:14pm,10:16pm,10:20pm,10:24pm,10:26pm,10:28pm,10:31pm,10:33pm
11642,10:11pm,10:14pm,10:17pm,10:19pm,10:23pm,10:26pm,10:29pm,10:31pm,10:34pm,10:36pm
11643,10:14pm,10:17pm,10:20pm,10:22pm,10:26pm,10:29pm,10:31pm,10:34pm,10:36pm,10:39pm
11644,10:17pm,10:20pm,10:23pm,10:25pm,10:29pm,10:32pm,10:34pm,10:37pm,10:39pm,10:42pm
11645,10:20pm,10:23pm,10:25pm,10:28pm,10:31pm,10:35pm,10:37pm,10:40pm,10:42pm,10:45pm
11646,10:23pm,10:25pm,10:28pm,10:31pm,10:34pm,10:38pm,10:40pm,10:42pm,10:45pm,10:47pm
11647,10:26pm,10:28pm,10:31pm,10:34pm,10:37pm,10:41pm,10:43pm,10:45pm,10:48pm,10:50pm
11648,10:29pm,10:31pm,10:34pm,10:36pm,10:40pm,10:44pm,10:46pm,10:48pm,10:51pm,10:53pm
11649,10:31pm,10:34pm,10:37pm,10:39pm,10:43pm,10:46pm,10:49pm,10:51pm,10:54pm,10:56pm
11650,10:34pm,10:37pm,10:40pm,10:42pm,10:46pm,10:49pm,10:51pm,10:54pm,10:57pm,10:59pm
11651,10:37pm,10:40pm,10:43pm,10:45pm,10:49pm,10:52pm,10:54pm,10:57pm,10:59pm,11:02pm
11652,10:40pm,10:43pm,10:45pm,10:48pm,10:51pm,10:55pm,10:57pm,11:00pm,11:02pm,11:05pm
11653,10:43pm,10:45pm,10:48pm,10:51pm,10:54pm,10:58pm,11:00pm,11:02pm,11:05pm,11:07pm
11654,10:46pm,10:48pm,10:51pm,10:54pm,10:57pm,11:01pm,11:03pm,11:05pm,11:08pm,11:10pm
11655,10:49pm,10:51pm,10:54pm,10:57pm,11:00pm,11:04pm,11:06pm,11:08pm,11:11pm,11:13pm
11656,10:51pm,10:54pm,10:57pm,10:59pm,11:03pm,11:07pm,11:09pm,11:11pm,11:14pm,11:16pm
11657,10:54pm,10:57pm,11:00pm,11:02pm,11:06pm,11:09pm,11:12pm,11:14pm,11:17pm,11:19pm
11658,10:57pm,11:00pm,11:03pm,11:05pm,11:09pm,11:12pm,11:14pm,11:17pm,11:19pm,11:22pm
11659,11:00pm,11:03pm,11:06pm,11:08pm,11:12pm,11:15pm,11:17pm,11:20pm,11:22pm,11:25pm
11660,11:03pm,11:06pm,11:08pm,11:11pm,11:14pm,11:18pm,11:20pm,11:23pm,11:25pm,11:28pm
11661,11:06pm,11:08pm,11:11pm,11:14pm,11:17pm,11:21pm,11:23pm,11:25pm,11:28pm,11:30pm
11662,11:09pm,11:11pm,11:14pm,11:17pm,11:20pm,11:24pm,11:26pm,11:28pm,11:31pm,11:33pm
11663,11:12pm,11:14pm,11:17pm,11:19pm,11:23pm,11:27pm,11:29pm,11:31pm,11:34pm,11:36pm
11664,11:14pm,11:17pm,11:20pm,11:22pm,11:26pm,11:29pm,11:32pm,11:34pm,11:37pm,11:39pm
11665,11:17pm,11:20pm,11:23pm,11:25pm,11:29pm,11:32pm,11:34pm,11:37pm,11:40pm,11:42pm
11666,11:20pm,11:23pm,11:26pm,11:28pm,11:32pm,11:35pm,11:37pm,11:40pm,11:42pm,11:45pm
11667,11:23pm,11:26pm,11:28pm,11:31pm,11:34pm,11:38pm,11:40pm,11:43pm,11:45pm,11:48pm
11668,11:26pm,11:28pm,11:31pm,11:34pm,11:37pm,11:41pm,11:43pm,11:45pm,11:48pm,11:50pm
11669,11:29pm,11:31pm,11:34pm,11:37pm,11:40pm,11:44pm,11:46pm,11:48pm,11:51pm,11:53pm
11670,11:32pm,11:34pm,11:37pm,11:40pm,11:43pm,11:47pm,11:49pm,11:51pm,11:54pm,11:56pm
11671,11:34pm,11:37pm,11:40pm,11:42pm,11:46pm,11:50pm,11:52pm,11:54pm,11:57pm,11:59pm
11672,11:37pm,11:40pm,11:43pm,11:45pm,11:49pm,11:52pm,11:55pm,11:57pm,12:00am,12:02am
11673,11:40pm,11:43pm,11:46pm,11:48pm,11:52pm,11:55pm,11:57pm,12:00am,12:02am,12:05am
11674,11:43pm,11:46pm,11:49pm,11:51pm,11:55pm,11:58pm,12:00am,12:03am,12:05am,12:08am
11675,11:46pm,11:49pm,11:51pm,11:54pm,11:57pm,12:01am,12:03am,12:06am,12:08am,12:11am
11676,11:49pm,11:51pm,11:54pm,11:57pm,12:00am,12:04am,12:06am,12:08am,12:11am,12:13am
11677,11:52pm,11:54pm,11:57pm,12:00am,12:03am,12:07am,12:09am,12:11am,12:14am,12:16am
11678,11:55pm,11:57pm,12:00am,12:02am,12:06am,12:10am,12:12am,12:14am,12:17am,12:19am
11679,11:57pm,12:00am,12:03am,12:05am,12:09am,12:12am,12:15am,12:17am,12:20am,12:22am
