,New Delhi,Shivaji Stadium,Dhaula Kuan,Delhi Aerocity,IGI Airport,Dwarka Sector - 21
16107,4:45am,4:48am,4:54am,5:02am,5:08am,5:12am
16108,4:55am,4:58am,5:04am,5:12am,5:18am,5:22am
16109,5:05am,5:08am,5:14am,5:22am,5:28am,5:32am
16110,5:15am,5:18am,5:24am,5:32am,5:38am,5:42am
16111,5:25am,5:28am,5:34am,5:42am,5:48am,5:52am
16112,5:35am,5:38am,5:44am,5:52am,5:58am,6:02am
16113,5:45am,5:48am,5:54am,6:02am,6:08am,6:12am
16114,5:55am,5:58am,6:04am,6:12am,6:18am,6:22am
16115,6:05am,6:08am,6:14am,6:22am,6:28am,6:32am
16116,6:15am,6:18am,6:24am,6:32am,6:38am,6:42am
16117,6:25am,6:28am,6:34am,6:42am,6:48am,6:52am
16118,6:35am,6:38am,6:44am,6:52am,6:58am,7:02am
16119,6:45am,6:48am,6:54am,7:02am,7:08am,7:12am
16120,6:55am,6:58am,7:04am,7:12am,7:18am,7:22am
16121,7:05am,7:08am,7:14am,7:22am,7:28am,7:32am
16122,7:15am,7:18am,7:24am,7:32am,7:38am,7:42am
16123,7:25am,7:28am,7:34am,7:42am,7:48am,7:52am
16124,7:35am,7:38am,7:44am,7:52am,7:58am,8:02am
16125,7:45am,7:48am,7:54am,8:02am,8:08am,8:12am
16126,7:55am,7:58am,8:04am,8:12am,8:18am,8:22am
16127,8:05am,8:08am,8:14am,8:22am,8:28am,8:32am
16128,8:15am,8:18am,8:24am,8:32am,8:38am,8:42am
16129,8:25am,8:28am,8:34am,8:42am,8:48am,8:52am
16130,8:35am,8:38am,8:44am,8:52am,8:58am,9:02am
16131,8:45am,8:48am,8:54am,9:02am,9:08am,9:12am
16132,8:55am,8:58am,9:04am,9:12am,9:18am,9:22am
16133,9:05am,9:08am,9:14am,9:22am,9:28am,9:32am
16134,9:15am,9:18am,9:24am,9:32am,9:38am,9:42am
16135,9:25am,9:28am,9:34am,9:42am,9:48am,9:52am
16136,9:35am,9:38am,9:44am,9:52am,9:58am,10:02am
16137,9:45am,9:48am,9:54am,10:02am,10:08am,10:12am
16138,9:55am,9:58am,10:04am,10:12am,10:18am,10:22am
16139,10:05am,10:08am,10:14am,10:22am,10:28am,10:32am
16140,10:15am,10:18am,10:24am,10:32am,10:38am,10:42am
16141,10:25am,10:28am,10:34am,10:42am,10:48am,10:52am
16142,10:35am,10:38am,10:44am,10:52am,10:58am,11:02am
16143,10:45am,10:48am,10:54am,11:02am,11:08am,11:12am
16144,10:55am,10:58am,11:04am,11:12am,11:18am,11:22am
16145,11:05am,11:08am,11:14am,11:22am,11:28am,11:32am
16146,11:15am,11:18am,11:24am,11:32am,11:38am,11:42am
16147,11:25am,11:28am,11:34am,11:42am,11:48am,11:52am
16148,11:35am,11:38am,11:44am,11:52am,11:58am,12:02pm
16149,11:45am,11:48am,11:54am,12:02pm,12:08pm,12:12pm
16150,11:55am,11:58am,12:04pm,12:12pm,12:18pm,12:22pm
16151,12:05pm,12:08pm,12:14pm,12:22pm,12:28pm,12:32pm
16152,12:15pm,12:18pm,12:24pm,12:32pm,12:38pm,12:42pm
16153,12:25pm,12:28pm,12:34pm,12:42pm,12:48pm,12:52pm
16154,12:35pm,12:38pm,12:44pm,12:52pm,12:58pm,1:02pm
16155,12:45pm,12:48pm,12:54pm,1:02pm,1:08pm,1:12pm
16156,12:55pm,12:58pm,1:04pm,1:12pm,1:18pm,1:22pm
16157,1:05pm,1:08pm,1:14pm,1:22pm,1:28pm,1:32pm
16158,1:15pm,1:18pm,1:24pm,1:32pm,1:38pm,1:42pm
16159,1:25pm,1:28pm,1:34pm,1:42pm,1:48pm,1:52pm
16160,1:35pm,1:38pm,1:44pm,1:52pm,1:58pm,2:02pm
16161,1:45pm,1:48pm,1:54pm,2:02pm,2:08pm,2:12pm
16162,1:55pm,1:58pm,2:04pm,2:12pm,2:18pm,2:22pm
16163,2:05pm,2:08pm,2:14pm,2:22pm,2:28pm,2:32pm
16164,2:15pm,2:18pm,2:24pm,2:32pm,2:38pm,2:42pm
16165,2:25pm,2:28pm,2:34pm,2:42pm,2:48pm,2:52pm
16166,2:35pm,2:38pm,2:44pm,2:52pm,2:58pm,3:02pm
16167,2:45pm,2:48pm,2:54pm,3:02pm,3:08pm,3:12pm
16168,2:55pm,2:58pm,3:04pm,3:12pm,3:18pm,3:22pm
16169,3:05pm,3:08pm,3:14pm,3:22pm,3:28pm,3:32pm
16170,3:15pm,3:18pm,3:24pm,3:32pm,3:38pm,3:42pm
16171,3:25pm,3:28pm,3:34pm,3:42pm,3:48pm,3:52pm
16172,3:35pm,3:38pm,3:44pm,3:52pm,3:58pm,4:02pm
16173,3:45pm,3:48pm,3:54pm,4:02pm,4:08pm,4:12pm
16174,3:55pm,3:58pm,4:04pm,4:12pm,4:18pm,4:22pm
16175,4:05pm,4:08pm,4:14pm,4:22pm,4:28pm,4:32pm
16176,4:15pm,4:18pm,4:24pm,4:32pm,4:38pm,4:42pm
16177,4:25pm,4:28pm,4:34pm,4:42pm,4:48pm,4:52pm
16178,4:35pm,4:38pm,4:44pm,4:52pm,4:58pm,5:02pm
16179,4:45pm,4:48pm,4:54pm,5:02pm,5:08pm,5:12pm
16180,4:55pm,4:58pm,5:04pm,5:12pm,5:18pm,5:22pm
16181,5:05pm,5:08pm,5:14pm,5:22pm,5:28pm,5:32pm
16182,5:15pm,5:18pm,5:24pm,5:32pm,5:38pm,5:42pm
16183,5:25pm,5:28pm,5:34pm,5:42pm,5:48pm,5:52pm
16184,5:35pm,5:38pm,5:44pm,5:52pm,5:58pm,6:02pm
16185,5:45pm,5:48pm,5:54pm,6:02pm,6:08pm,6:12pm
16186,5:55pm,5:58pm,6:04pm,6:12pm,6:18pm,6:22pm
16187,6:05pm,6:08pm,6:14pm,6:22pm,6:28pm,6:32pm
16188,6:15pm,6:18pm,6:24pm,6:32pm,6:38pm,6:42pm
16189,6:25pm,6:28pm,6:34pm,6:42pm,6:48pm,6:52pm
16190,6:35pm,6:38pm,6:44pm,6:52pm,6:58pm,7:02pm
16191,6:45pm,6:48pm,6:54pm,7:02pm,7:08pm,7:12pm
16192,6:55pm,6:58pm,7:04pm,7:12pm,7:18pm,7:22pm
16193,7:05pm,7:08pm,7:14pm,7:22pm,7:28pm,7:32pm
16194,7:15pm,7:18pm,7:24pm,7:32pm,7:38pm,7:42pm
16195,7:25pm,7:28pm,7:34pm,7:42pm,7:48pm,7:52pm
16196,7:35pm,7:38pm,7:44pm,7:52pm,7:58pm,8:02pm
16197,7:45pm,7:48pm,7:54pm,8:02pm,8:08pm,8:12pm
16198,7:55pm,7:58pm,8:04pm,8:12pm,8:18pm,8:22pm
16199,8:05pm,8:08pm,8:14pm,8:22pm,8:28pm,8:32pm
16200,8:15pm,8:18pm,8:24pm,8:32pm,8:38pm,8:42pm
16201,8:25pm,8:28pm,8:34pm,8:42pm,8:48pm,8:52pm
16202,8:35pm,8:38pm,8:44pm,8:52pm,8:58pm,9:02pm
16203,8:45pm,8:48pm,8:54pm,9:02pm,9:08pm,9:12pm
16204,8:55pm,8:58pm,9:04pm,9:12pm,9:18pm,9:22pm
16205,9:05pm,9:08pm,9:14pm,9:22pm,9:28pm,9:32pm
16206,9:15pm,9:18pm,9:24pm,9:32pm,9:38pm,9:42pm
16207,9:25pm,9:28pm,9:34pm,9:42pm,9:48pm,9:52pm
16208,9:35pm,9:38pm,9:44pm,9:52pm,9:58pm,10:02pm
16209,9:45pm,9:48pm,9:54pm,10:02pm,10:08pm,10:12pm
16210,9:55pm,9:58pm,10:04pm,10:12pm,10:18pm,10:22pm
16211,10:05pm,10:08pm,10:14pm,10:22pm,10:28pm,10:32pm
16212,10:15pm,10:18pm,10:24pm,10:32pm,10:38pm,10:42pm
16213,10:25pm,10:28pm,10:34pm,10:42pm,10:48pm,10:52pm
16214,10:35pm,10:38pm,10:44pm,10:52pm,10:58pm,11:02pm
16215,10:45pm,10:48pm,10:54pm,11:02pm,11:08pm,11:12pm
16216,10:55pm,10:58pm,11:04pm,11:12pm,11:18pm,11:22pm
16217,11:05pm,11:08pm,11:14pm,11:22pm,11:28pm,11:32pm
16218,11:15pm,11:18pm,11:24pm,11:32pm,11:38pm,11:42pm
16219,11:25pm,11:28pm,11:34pm,11:42pm,11:48pm,11:52pm
16220,11:35pm,11:38pm,11:44pm,11:52pm,11:58pm,12:02am
