ID,Huda City Centre,IFFCO Chowk,MG Road,Sikanderpur,Gurudronacharya,Arjan Garh,Ghitorni,Sultanpur,Chhattarpur,Qutab Minar
2172,5:52am,5:54am,5:57am,5:59am,6:01am,6:05am,6:09am,6:11am,6:14am,6:17am
2173,5:55am,5:57am,6:00am,6:02am,6:04am,6:08am,6:12am,6:14am,6:17am,6:19am
2174,5:58am,6:00am,6:03am,6:05am,6:07am,6:11am,6:14am,6:17am,6:20am,6:22am
2175,6:01am,6:03am,6:06am,6:08am,6:10am,6:14am,6:17am,6:20am,6:23am,6:25am
2176,6:03am,6:06am,6:08am,6:11am,6:13am,6:17am,6:20am,6:23am,6:25am,6:28am
2177,6:06am,6:09am,6:11am,6:14am,6:16am,6:19am,6:23am,6:25am,6:28am,6:31am
2178,6:09am,6:11am,6:14am,6:17am,6:19am,6:22am,6:26am,6:28am,6:31am,6:34am
2179,6:12am,6:14am,6:17am,6:19am,6:22am,6:25am,6:29am,6:31am,6:34am,6:37am
2180,6:15am,6:17am,6:20am,6:22am,6:24am,6:28am,6:32am,6:34am,6:37am,6:40am
2181,6:18am,6:20am,6:23am,6:25am,6:27am,6:31am,6:34am,6:37am,6:40am,6:42am
2182,6:21am,6:23am,6:26am,6:28am,6:30am,6:34am,6:37am,6:40am,6:43am,6:45am
2183,6:23am,6:26am,6:28am,6:31am,6:33am,6:37am,6:40am,6:43am,6:45am,6:48am
2184,6:26am,6:29am,6:31am,6:34am,6:36am,6:39am,6:43am,6:45am,6:48am,6:51am
2185,6:29am,6:32am,6:34am,6:37am,6:39am,6:42am,6:46am,6:48am,6:51am,6:54am
2186,6:32am,6:34am,6:37am,6:40am,6:42am,6:45am,6:49am,6:51am,6:54am,6:57am
2187,6:35am,6:37am,6:40am,6:42am,6:44am,6:48am,6:52am,6:54am,6:57am,7:00am
2188,6:38am,6:40am,6:43am,6:45am,6:47am,6:51am,6:55am,6:57am,7:00am,7:02am
2189,6:41am,6:43am,6:46am,6:48am,6:50am,6:54am,6:57am,7:00am,7:03am,7:05am
2190,6:44am,6:46am,6:49am,6:51am,6:53am,6:57am,7:00am,7:03am,7:06am,7:08am
2191,6:46am,6:49am,6:51am,6:54am,6:56am,7:00am,7:03am,7:06am,7:08am,7:11am
2192,6:49am,6:52am,6:54am,6:57am,6:59am,7:02am,7:06am,7:08am,7:11am,7:14am
2193,6:52am,6:54am,6:57am,7:00am,7:02am,7:05am,7:09am,7:11am,7:14am,7:17am
2194,6:55am,6:57am,7:00am,7:02am,7:05am,7:08am,7:12am,7:14am,7:17am,7:20am
2195,6:58am,7:00am,7:03am,7:05am,7:07am,7:11am,7:15am,7:17am,7:20am,7:23am
2196,7:01am,7:03am,7:06am,7:08am,7:10am,7:14am,7:17am,7:20am,7:23am,7:25am
2197,7:04am,7:06am,7:09am,7:11am,7:13am,7:17am,7:20am,7:23am,7:26am,7:28am
2198,7:06am,7:09am,7:11am,7:14am,7:16am,7:20am,7:23am,7:26am,7:28am,7:31am
2199,7:09am,7:12am,7:14am,7:17am,7:19am,7:22am,7:26am,7:28am,7:31am,7:34am
2200,7:12am,7:15am,7:17am,7:20am,7:22am,7:25am,7:29am,7:31am,7:34am,7:37am
2201,7:15am,7:17am,7:20am,7:23am,7:25am,7:28am,7:32am,7:34am,7:37am,7:40am
2202,7:18am,7:20am,7:23am,7:25am,7:27am,7:31am,7:35am,7:37am,7:40am,7:43am
2203,7:21am,7:23am,7:26am,7:28am,7:30am,7:34am,7:38am,7:40am,7:43am,7:45am
2204,7:24am,7:26am,7:29am,7:31am,7:33am,7:37am,7:40am,7:43am,7:46am,7:48am
2205,7:27am,7:29am,7:32am,7:34am,7:36am,7:40am,7:43am,7:46am,7:49am,7:51am
2206,7:29am,7:32am,7:34am,7:37am,7:39am,7:43am,7:46am,7:49am,7:51am,7:54am
2207,7:32am,7:35am,7:37am,7:40am,7:42am,7:45am,7:49am,7:51am,7:54am,7:57am
2208,7:35am,7:37am,7:40am,7:43am,7:45am,7:48am,7:52am,7:54am,7:57am,8:00am
2209,7:38am,7:40am,7:43am,7:45am,7:48am,7:51am,7:55am,7:57am,8:00am,8:03am
2210,7:41am,7:43am,7:46am,7:48am,7:50am,7:54am,7:58am,8:00am,8:03am,8:06am
2211,7:44am,7:46am,7:49am,7:51am,7:53am,7:57am,8:00am,8:03am,8:06am,8:08am
2212,7:47am,7:49am,7:52am,7:54am,7:56am,8:00am,8:03am,8:06am,8:09am,8:11am
2213,7:49am,7:52am,7:54am,7:57am,7:59am,8:03am,8:06am,8:09am,8:11am,8:14am
2214,7:52am,7:55am,7:57am,8:00am,8:02am,8:05am,8:09am,8:11am,8:14am,8:17am
2215,7:55am,7:58am,8:00am,8:03am,8:05am,8:08am,8:12am,8:14am,8:17am,8:20am
2216,7:58am,8:00am,8:03am,8:06am,8:08am,8:11am,8:15am,8:17am,8:20am,8:23am
2217,8:01am,8:03am,8:06am,8:08am,8:10am,8:14am,8:18am,8:20am,8:23am,8:26am
2218,8:16am,8:18am,8:21am,8:23am,8:25am,8:29am,8:32am,8:35am,8:38am,8:40am
2219,8:31am,8:33am,8:36am,8:38am,8:40am,8:44am,8:47am,8:50am,8:53am,8:55am
2220,8:45am,8:48am,8:50am,8:53am,8:55am,8:58am,9:02am,9:04am,9:07am,9:10am
2221,9:00am,9:02am,9:05am,9:08am,9:10am,9:13am,9:17am,9:19am,9:22am,9:25am
2222,9:15am,9:17am,9:20am,9:22am,9:24am,9:28am,9:32am,9:34am,9:37am,9:40am
2223,9:30am,9:32am,9:35am,9:37am,9:39am,9:43am,9:46am,9:49am,9:52am,9:54am
2224,9:45am,9:47am,9:50am,9:52am,9:54am,9:58am,10:01am,10:04am,10:07am,10:09am
2225,9:59am,10:02am,10:04am,10:07am,10:09am,10:12am,10:16am,10:18am,10:21am,10:24am
2226,10:14am,10:16am,10:19am,10:22am,10:24am,10:27am,10:31am,10:33am,10:36am,10:39am
2227,10:29am,10:31am,10:34am,10:36am,10:38am,10:42am,10:46am,10:48am,10:51am,10:54am
2228,10:44am,10:46am,10:49am,10:51am,10:53am,10:57am,11:00am,11:03am,11:06am,11:08am
2229,10:59am,11:01am,11:04am,11:06am,11:08am,11:12am,11:15am,11:18am,11:21am,11:23am
2230,11:13am,11:16am,11:18am,11:21am,11:23am,11:26am,11:30am,11:32am,11:35am,11:38am
2231,11:28am,11:30am,11:33am,11:36am,11:38am,11:41am,11:45am,11:47am,11:50am,11:53am
2232,11:43am,11:45am,11:48am,11:50am,11:52am,11:56am,12:00pm,12:02pm,12:05pm,12:08pm
2233,11:58am,12:00pm,12:03pm,12:05pm,12:07pm,12:11pm,12:14pm,12:17pm,12:20pm,12:22pm
2234,12:13pm,12:15pm,12:18pm,12:20pm,12:22pm,12:26pm,12:29pm,12:32pm,12:35pm,12:37pm
2235,12:15pm,12:18pm,12:20pm,12:23pm,12:25pm,12:29pm,12:32pm,12:35pm,12:37pm,12:40pm
2236,12:18pm,12:21pm,12:23pm,12:26pm,12:28pm,12:31pm,12:35pm,12:37pm,12:40pm,12:43pm
2237,12:21pm,12:23pm,12:26pm,12:29pm,12:31pm,12:34pm,12:38pm,12:40pm,12:43pm,12:46pm
2238,12:24pm,12:26pm,12:29pm,12:31pm,12:34pm,12:37pm,12:41pm,12:43pm,12:46pm,12:49pm
2239,12:27pm,12:29pm,12:32pm,12:34pm,12:36pm,12:40pm,12:44pm,12:46pm,12:49pm,12:52pm
2240,12:30pm,12:32pm,12:35pm,12:37pm,12:39pm,12:43pm,12:46pm,12:49pm,12:52pm,12:54pm
2241,12:33pm,12:35pm,12:38pm,12:40pm,12:42pm,12:46pm,12:49pm,12:52pm,12:55pm,12:57pm
2242,12:35pm,12:38pm,12:40pm,12:43pm,12:45pm,12:49pm,12:52pm,12:55pm,12:57pm,1:00pm
2243,12:38pm,12:41pm,12:43pm,12:46pm,12:48pm,12:51pm,12:55pm,12:57pm,1:00pm,1:03pm
2244,12:41pm,12:44pm,12:46pm,12:49pm,12:51pm,12:54pm,12:58pm,1:00pm,1:03pm,1:06pm
2245,12:44pm,12:46pm,12:49pm,12:52pm,12:54pm,12:57pm,1:01pm,1:03pm,1:06pm,1:09pm
2246,12:47pm,12:49pm,12:52pm,12:54pm,12:56pm,1:00pm,1:04pm,1:06pm,1:09pm,1:12pm
2247,12:50pm,12:52pm,12:55pm,12:57pm,12:59pm,1:03pm,1:07pm,1:09pm,1:12pm,1:14pm
2248,12:53pm,12:55pm,12:58pm,1:00pm,1:02pm,1:06pm,1:09pm,1:12pm,1:15pm,1:17pm
2249,12:56pm,12:58pm,1:01pm,1:03pm,1:05pm,1:09pm,1:12pm,1:15pm,1:18pm,1:20pm
2250,12:58pm,1:01pm,1:03pm,1:06pm,1:08pm,1:12pm,1:15pm,1:18pm,1:20pm,1:23pm
2251,1:01pm,1:04pm,1:06pm,1:09pm,1:11pm,1:14pm,1:18pm,1:20pm,1:23pm,1:26pm
2252,1:04pm,1:06pm,1:09pm,1:12pm,1:14pm,1:17pm,1:21pm,1:23pm,1:26pm,1:29pm
2253,1:07pm,1:09pm,1:12pm,1:14pm,1:17pm,1:20pm,1:24pm,1:26pm,1:29pm,1:32pm
2254,1:10pm,1:12pm,1:15pm,1:17pm,1:19pm,1:23pm,1:27pm,1:29pm,1:32pm,1:35pm
2255,1:13pm,1:15pm,1:18pm,1:20pm,1:22pm,1:26pm,1:29pm,1:32pm,1:35pm,1:37pm
2256,1:16pm,1:18pm,1:21pm,1:23pm,1:25pm,1:29pm,1:32pm,1:35pm,1:38pm,1:40pm
2257,1:18pm,1:21pm,1:23pm,1:26pm,1:28pm,1:32pm,1:35pm,1:38pm,1:40pm,1:43pm
2258,1:21pm,1:24pm,1:26pm,1:29pm,1:31pm,1:34pm,1:38pm,1:40pm,1:43pm,1:46pm
2259,1:24pm,1:27pm,1:29pm,1:32pm,1:34pm,1:37pm,1:41pm,1:43pm,1:46pm,1:49pm
2260,1:27pm,1:29pm,1:32pm,1:35pm,1:37pm,1:40pm,1:44pm,1:46pm,1:49pm,1:52pm
2261,1:30pm,1:32pm,1:35pm,1:37pm,1:39pm,1:43pm,1:47pm,1:49pm,1:52pm,1:55pm
2262,1:33pm,1:35pm,1:38pm,1:40pm,1:42pm,1:46pm,1:50pm,1:52pm,1:55pm,1:57pm
2263,1:36pm,1:38pm,1:41pm,1:43pm,1:45pm,1:49pm,1:52pm,1:55pm,1:58pm,2:00pm
2264,1:39pm,1:41pm,1:44pm,1:46pm,1:48pm,1:52pm,1:55pm,1:58pm,2:01pm,2:03pm
2265,1:41pm,1:44pm,1:46pm,1:49pm,1:51pm,1:55pm,1:58pm,2:01pm,2:03pm,2:06pm
2266,1:44pm,1:47pm,1:49pm,1:52pm,1:54pm,1:57pm,2:01pm,2:03pm,2:06pm,2:09pm
2267,1:47pm,1:49pm,1:52pm,1:55pm,1:57pm,2:00pm,2:04pm,2:06pm,2:09pm,2:12pm
2268,1:50pm,1:52pm,1:55pm,1:57pm,2:00pm,2:03pm,2:07pm,2:09pm,2:12pm,2:15pm
2269,1:53pm,1:55pm,1:58pm,2:00pm,2:02pm,2:06pm,2:10pm,2:12pm,2:15pm,2:18pm
2270,1:56pm,1:58pm,2:01pm,2:03pm,2:05pm,2:09pm,2:12pm,2:15pm,2:18pm,2:20pm
2271,1:59pm,2:01pm,2:04pm,2:06pm,2:08pm,2:12pm,2:15pm,2:18pm,2:21pm,2:23pm
2272,2:01pm,2:04pm,2:06pm,2:09pm,2:11pm,2:15pm,2:18pm,2:21pm,2:23pm,2:26pm
2273,2:04pm,2:07pm,2:09pm,2:12pm,2:14pm,2:17pm,2:21pm,2:23pm,2:26pm,2:29pm
2274,2:07pm,2:10pm,2:12pm,2:15pm,2:17pm,2:20pm,2:24pm,2:26pm,2:29pm,2:32pm
2275,2:10pm,2:12pm,2:15pm,2:18pm,2:20pm,2:23pm,2:27pm,2:29pm,2:32pm,2:35pm
2276,2:13pm,2:15pm,2:18pm,2:20pm,2:22pm,2:26pm,2:30pm,2:32pm,2:35pm,2:38pm
2277,2:16pm,2:18pm,2:21pm,2:23pm,2:25pm,2:29pm,2:33pm,2:35pm,2:38pm,2:40pm
2278,2:19pm,2:21pm,2:24pm,2:26pm,2:28pm,2:32pm,2:35pm,2:38pm,2:41pm,2:43pm
2279,2:22pm,2:24pm,2:27pm,2:29pm,2:31pm,2:35pm,2:38pm,2:41pm,2:44pm,2:46pm
2280,2:24pm,2:27pm,2:29pm,2:32pm,2:34pm,2:38pm,2:41pm,2:44pm,2:46pm,2:49pm
2281,2:27pm,2:30pm,2:32pm,2:35pm,2:37pm,2:40pm,2:44pm,2:46pm,2:49pm,2:52pm
2282,2:30pm,2:32pm,2:35pm,2:38pm,2:40pm,2:43pm,2:47pm,2:49pm,2:52pm,2:55pm
2283,2:33pm,2:35pm,2:38pm,2:40pm,2:43pm,2:46pm,2:50pm,2:52pm,2:55pm,2:58pm
2284,2:36pm,2:38pm,2:41pm,2:43pm,2:45pm,2:49pm,2:53pm,2:55pm,2:58pm,3:01pm
2285,2:39pm,2:41pm,2:44pm,2:46pm,2:48pm,2:52pm,2:55pm,2:58pm,3:01pm,3:03pm
2286,2:42pm,2:44pm,2:47pm,2:49pm,2:51pm,2:55pm,2:58pm,3:01pm,3:04pm,3:06pm
2287,2:44pm,2:47pm,2:49pm,2:52pm,2:54pm,2:58pm,3:01pm,3:04pm,3:06pm,3:09pm
2288,2:47pm,2:50pm,2:52pm,2:55pm,2:57pm,3:00pm,3:04pm,3:06pm,3:09pm,3:12pm
2289,2:50pm,2:53pm,2:55pm,2:58pm,3:00pm,3:03pm,3:07pm,3:09pm,3:12pm,3:15pm
2290,2:53pm,2:55pm,2:58pm,3:01pm,3:03pm,3:06pm,3:10pm,3:12pm,3:15pm,3:18pm
2291,2:56pm,2:58pm,3:01pm,3:03pm,3:05pm,3:09pm,3:13pm,3:15pm,3:18pm,3:21pm
2292,2:59pm,3:01pm,3:04pm,3:06pm,3:08pm,3:12pm,3:16pm,3:18pm,3:21pm,3:23pm
2293,3:02pm,3:04pm,3:07pm,3:09pm,3:11pm,3:15pm,3:18pm,3:21pm,3:24pm,3:26pm
2294,3:05pm,3:07pm,3:10pm,3:12pm,3:14pm,3:18pm,3:21pm,3:24pm,3:27pm,3:29pm
2295,3:07pm,3:10pm,3:12pm,3:15pm,3:17pm,3:21pm,3:24pm,3:27pm,3:29pm,3:32pm
2296,3:10pm,3:13pm,3:15pm,3:18pm,3:20pm,3:23pm,3:27pm,3:29pm,3:32pm,3:35pm
2297,3:13pm,3:15pm,3:18pm,3:21pm,3:23pm,3:26pm,3:30pm,3:32pm,3:35pm,3:38pm
2298,3:16pm,3:18pm,3:21pm,3:23pm,3:26pm,3:29pm,3:33pm,3:35pm,3:38pm,3:41pm
2299,3:19pm,3:21pm,3:24pm,3:26pm,3:28pm,3:32pm,3:36pm,3:38pm,3:41pm,3:44pm
2300,3:22pm,3:24pm,3:27pm,3:29pm,3:31pm,3:35pm,3:38pm,3:41pm,3:44pm,3:46pm
2301,3:25pm,3:27pm,3:30pm,3:32pm,3:34pm,3:38pm,3:41pm,3:44pm,3:47pm,3:49pm
2302,3:27pm,3:30pm,3:32pm,3:35pm,3:37pm,3:41pm,3:44pm,3:47pm,3:49pm,3:52pm
2303,3:30pm,3:33pm,3:35pm,3:38pm,3:40pm,3:43pm,3:47pm,3:49pm,3:52pm,3:55pm
2304,3:33pm,3:36pm,3:38pm,3:41pm,3:43pm,3:46pm,3:50pm,3:52pm,3:55pm,3:58pm
2305,3:36pm,3:38pm,3:41pm,3:44pm,3:46pm,3:49pm,3:53pm,3:55pm,3:58pm,4:01pm
2306,3:39pm,3:41pm,3:44pm,3:46pm,3:48pm,3:52pm,3:56pm,3:58pm,4:01pm,4:04pm
2307,3:42pm,3:44pm,3:47pm,3:49pm,3:51pm,3:55pm,3:59pm,4:01pm,4:04pm,4:06pm
2308,3:45pm,3:47pm,3:50pm,3:52pm,3:54pm,3:58pm,4:01pm,4:04pm,4:07pm,4:09pm
2309,3:48pm,3:50pm,3:53pm,3:55pm,3:57pm,4:01pm,4:04pm,4:07pm,4:10pm,4:12pm
2310,3:50pm,3:53pm,3:55pm,3:58pm,4:00pm,4:04pm,4:07pm,4:10pm,4:12pm,4:15pm
2311,3:53pm,3:56pm,3:58pm,4:01pm,4:03pm,4:06pm,4:10pm,4:12pm,4:15pm,4:18pm
2312,3:56pm,3:58pm,4:01pm,4:04pm,4:06pm,4:09pm,4:13pm,4:15pm,4:18pm,4:21pm
2313,3:59pm,4:01pm,4:04pm,4:06pm,4:09pm,4:12pm,4:16pm,4:18pm,4:21pm,4:24pm
2314,4:02pm,4:04pm,4:07pm,4:09pm,4:11pm,4:15pm,4:19pm,4:21pm,4:24pm,4:27pm
2315,4:05pm,4:07pm,4:10pm,4:12pm,4:14pm,4:18pm,4:21pm,4:24pm,4:27pm,4:29pm
2316,4:08pm,4:10pm,4:13pm,4:15pm,4:17pm,4:21pm,4:24pm,4:27pm,4:30pm,4:32pm
2317,4:10pm,4:13pm,4:15pm,4:18pm,4:20pm,4:24pm,4:27pm,4:30pm,4:32pm,4:35pm
2318,4:13pm,4:16pm,4:18pm,4:21pm,4:23pm,4:26pm,4:30pm,4:32pm,4:35pm,4:38pm
2319,4:16pm,4:19pm,4:21pm,4:24pm,4:26pm,4:29pm,4:33pm,4:35pm,4:38pm,4:41pm
2320,4:19pm,4:21pm,4:24pm,4:27pm,4:29pm,4:32pm,4:36pm,4:38pm,4:41pm,4:44pm
2321,4:22pm,4:24pm,4:27pm,4:29pm,4:31pm,4:35pm,4:39pm,4:41pm,4:44pm,4:47pm
2322,4:25pm,4:27pm,4:30pm,4:32pm,4:34pm,4:38pm,4:42pm,4:44pm,4:47pm,4:49pm
2323,4:28pm,4:30pm,4:33pm,4:35pm,4:37pm,4:41pm,4:44pm,4:47pm,4:50pm,4:52pm
2324,4:31pm,4:33pm,4:36pm,4:38pm,4:40pm,4:44pm,4:47pm,4:50pm,4:53pm,4:55pm
2325,4:33pm,4:36pm,4:38pm,4:41pm,4:43pm,4:47pm,4:50pm,4:53pm,4:55pm,4:58pm
2326,4:36pm,4:39pm,4:41pm,4:44pm,4:46pm,4:49pm,4:53pm,4:55pm,4:58pm,5:01pm
2327,4:39pm,4:41pm,4:44pm,4:47pm,4:49pm,4:52pm,4:56pm,4:58pm,5:01pm,5:04pm
2328,4:42pm,4:44pm,4:47pm,4:49pm,4:52pm,4:55pm,4:59pm,5:01pm,5:04pm,5:07pm
2329,4:45pm,4:47pm,4:50pm,4:52pm,4:54pm,4:58pm,5:02pm,5:04pm,5:07pm,5:10pm
2330,4:48pm,4:50pm,4:53pm,4:55pm,4:57pm,5:01pm,5:04pm,5:07pm,5:10pm,5:12pm
2331,4:51pm,4:53pm,4:56pm,4:58pm,5:00pm,5:04pm,5:07pm,5:10pm,5:13pm,5:15pm
2332,4:53pm,4:56pm,4:58pm,5:01pm,5:03pm,5:07pm,5:10pm,5:13pm,5:15pm,5:18pm
2333,4:56pm,4:59pm,5:01pm,5:04pm,5:06pm,5:09pm,5:13pm,5:15pm,5:18pm,5:21pm
2334,4:59pm,5:02pm,5:04pm,5:07pm,5:09pm,5:12pm,5:16pm,5:18pm,5:21pm,5:24pm
2335,5:02pm,5:04pm,5:07pm,5:10pm,5:12pm,5:15pm,5:19pm,5:21pm,5:24pm,5:27pm
2336,5:17pm,5:19pm,5:22pm,5:24pm,5:26pm,5:30pm,5:34pm,5:36pm,5:39pm,5:42pm
2337,5:32pm,5:34pm,5:37pm,5:39pm,5:41pm,5:45pm,5:48pm,5:51pm,5:54pm,5:56pm
2338,5:46pm,5:49pm,5:51pm,5:54pm,5:56pm,6:00pm,6:03pm,6:06pm,6:08pm,6:11pm
2339,6:01pm,6:04pm,6:06pm,6:09pm,6:11pm,6:14pm,6:18pm,6:20pm,6:23pm,6:26pm
2340,6:16pm,6:18pm,6:21pm,6:24pm,6:26pm,6:29pm,6:33pm,6:35pm,6:38pm,6:41pm
2341,6:31pm,6:33pm,6:36pm,6:38pm,6:40pm,6:44pm,6:48pm,6:50pm,6:53pm,6:56pm
2342,6:46pm,6:48pm,6:51pm,6:53pm,6:55pm,6:59pm,7:02pm,7:05pm,7:08pm,7:10pm
2343,7:00pm,7:03pm,7:05pm,7:08pm,7:10pm,7:14pm,7:17pm,7:20pm,7:22pm,7:25pm
2344,7:15pm,7:18pm,7:20pm,7:23pm,7:25pm,7:28pm,7:32pm,7:34pm,7:37pm,7:40pm
2345,7:30pm,7:32pm,7:35pm,7:38pm,7:40pm,7:43pm,7:47pm,7:49pm,7:52pm,7:55pm
2346,7:45pm,7:47pm,7:50pm,7:52pm,7:54pm,7:58pm,8:02pm,8:04pm,8:07pm,8:10pm
2347,8:00pm,8:02pm,8:05pm,8:07pm,8:09pm,8:13pm,8:16pm,8:19pm,8:22pm,8:24pm
2348,8:14pm,8:17pm,8:19pm,8:22pm,8:24pm,8:28pm,8:31pm,8:34pm,8:36pm,8:39pm
2349,8:29pm,8:32pm,8:34pm,8:37pm,8:39pm,8:42pm,8:46pm,8:48pm,8:51pm,8:54pm
2350,8:44pm,8:46pm,8:49pm,8:52pm,8:54pm,8:57pm,9:01pm,9:03pm,9:06pm,9:09pm
2351,8:59pm,9:01pm,9:04pm,9:06pm,9:08pm,9:12pm,9:16pm,9:18pm,9:21pm,9:24pm
2352,9:14pm,9:16pm,9:19pm,9:21pm,9:23pm,9:27pm,9:30pm,9:33pm,9:36pm,9:38pm
2353,9:17pm,9:19pm,9:22pm,9:24pm,9:26pm,9:30pm,9:33pm,9:36pm,9:39pm,9:41pm
2354,9:19pm,9:22pm,9:24pm,9:27pm,9:29pm,9:33pm,9:36pm,9:39pm,9:41pm,9:44pm
2355,9:22pm,9:25pm,9:27pm,9:30pm,9:32pm,9:35pm,9:39pm,9:41pm,9:44pm,9:47pm
2356,9:25pm,9:27pm,9:30pm,9:33pm,9:35pm,9:38pm,9:42pm,9:44pm,9:47pm,9:50pm
2357,9:28pm,9:30pm,9:33pm,9:35pm,9:38pm,9:41pm,9:45pm,9:47pm,9:50pm,9:53pm
2358,9:31pm,9:33pm,9:36pm,9:38pm,9:40pm,9:44pm,9:48pm,9:50pm,9:53pm,9:56pm
2359,9:34pm,9:36pm,9:39pm,9:41pm,9:43pm,9:47pm,9:50pm,9:53pm,9:56pm,9:58pm
2360,9:37pm,9:39pm,9:42pm,9:44pm,9:46pm,9:50pm,9:53pm,9:56pm,9:59pm,10:01pm
2361,9:39pm,9:42pm,9:44pm,9:47pm,9:49pm,9:53pm,9:56pm,9:59pm,10:01pm,10:04pm
2362,9:42pm,9:45pm,9:47pm,9:50pm,9:52pm,9:55pm,9:59pm,10:01pm,10:04pm,10:07pm
2363,9:45pm,9:48pm,9:50pm,9:53pm,9:55pm,9:58pm,10:02pm,10:04pm,10:07pm,10:10pm
2364,9:48pm,9:50pm,9:53pm,9:56pm,9:58pm,10:01pm,10:05pm,10:07pm,10:10pm,10:13pm
2365,9:51pm,9:53pm,9:56pm,9:58pm,10:00pm,10:04pm,10:08pm,10:10pm,10:13pm,10:16pm
2366,9:54pm,9:56pm,9:59pm,10:01pm,10:03pm,10:07pm,10:11pm,10:13pm,10:16pm,10:18pm
2367,9:57pm,9:59pm,10:02pm,10:04pm,10:06pm,10:10pm,10:13pm,10:16pm,10:19pm,10:21pm
2368,10:00pm,10:02pm,10:05pm,10:07pm,10:09pm,10:13pm,10:16pm,10:19pm,10:22pm,10:24pm
2369,10:02pm,10:05pm,10:07pm,10:10pm,10:12pm,10:16pm,10:19pm,10:22pm,10:24pm,10:27pm
2370,10:05pm,10:08pm,10:10pm,10:13pm,10:15pm,10:18pm,10:22pm,10:24pm,10:27pm,10:30pm
2371,10:08pm,10:10pm,10:13pm,10:16pm,10:18pm,10:21pm,10:25pm,10:27pm,10:30pm,10:33pm
2372,10:11pm,10:13pm,10:16pm,10:18pm,10:21pm,10:24pm,10:28pm,10:30pm,10:33pm,10:36pm
2373,10:14pm,10:16pm,10:19pm,10:21pm,10:23pm,10:27pm,10:31pm,10:33pm,10:36pm,10:39pm
2374,10:17pm,10:19pm,10:22pm,10:24pm,10:26pm,10:30pm,10:33pm,10:36pm,10:39pm,10:41pm
2375,10:20pm,10:22pm,10:25pm,10:27pm,10:29pm,10:33pm,10:36pm,10:39pm,10:42pm,10:44pm
2376,10:22pm,10:25pm,10:27pm,10:30pm,10:32pm,10:36pm,10:39pm,10:42pm,10:44pm,10:47pm
2377,10:25pm,10:28pm,10:30pm,10:33pm,10:35pm,10:38pm,10:42pm,10:44pm,10:47pm,10:50pm
2378,10:28pm,10:31pm,10:33pm,10:36pm,10:38pm,10:41pm,10:45pm,10:47pm,10:50pm,10:53pm
2379,10:31pm,10:33pm,10:36pm,10:39pm,10:41pm,10:44pm,10:48pm,10:50pm,10:53pm,10:56pm
2380,10:34pm,10:36pm,10:39pm,10:41pm,10:43pm,10:47pm,10:51pm,10:53pm,10:56pm,10:59pm
2381,10:37pm,10:39pm,10:42pm,10:44pm,10:46pm,10:50pm,10:54pm,10:56pm,10:59pm,11:01pm
2382,10:40pm,10:42pm,10:45pm,10:47pm,10:49pm,10:53pm,10:56pm,10:59pm,11:02pm,11:04pm
2383,10:43pm,10:45pm,10:48pm,10:50pm,10:52pm,10:56pm,10:59pm,11:02pm,11:05pm,11:07pm
2384,10:45pm,10:48pm,10:50pm,10:53pm,10:55pm,10:59pm,11:02pm,11:05pm,11:07pm,11:10pm
2385,10:48pm,10:51pm,10:53pm,10:56pm,10:58pm,11:01pm,11:05pm,11:07pm,11:10pm,11:13pm
2386,10:51pm,10:53pm,10:56pm,10:59pm,11:01pm,11:04pm,11:08pm,11:10pm,11:13pm,11:16pm
2387,10:54pm,10:56pm,10:59pm,11:01pm,11:04pm,11:07pm,11:11pm,11:13pm,11:16pm,11:19pm
2388,10:57pm,10:59pm,11:02pm,11:04pm,11:06pm,11:10pm,11:14pm,11:16pm,11:19pm,11:22pm
2389,11:00pm,11:02pm,11:05pm,11:07pm,11:09pm,11:13pm,11:16pm,11:19pm,11:22pm,11:24pm
2390,11:03pm,11:05pm,11:08pm,11:10pm,11:12pm,11:16pm,11:19pm,11:22pm,11:25pm,11:27pm
2391,11:05pm,11:08pm,11:10pm,11:13pm,11:15pm,11:19pm,11:22pm,11:25pm,11:27pm,11:30pm
2392,11:08pm,11:11pm,11:13pm,11:16pm,11:18pm,11:21pm,11:25pm,11:27pm,11:30pm,11:33pm
2393,11:11pm,11:14pm,11:16pm,11:19pm,11:21pm,11:24pm,11:28pm,11:30pm,11:33pm,11:36pm
2394,11:14pm,11:16pm,11:19pm,11:22pm,11:24pm,11:27pm,11:31pm,11:33pm,11:36pm,11:39pm
2395,11:17pm,11:19pm,11:22pm,11:24pm,11:26pm,11:30pm,11:34pm,11:36pm,11:39pm,11:42pm
2396,11:20pm,11:22pm,11:25pm,11:27pm,11:29pm,11:33pm,11:37pm,11:39pm,11:42pm,11:44pm
2397,11:23pm,11:25pm,11:28pm,11:30pm,11:32pm,11:36pm,11:39pm,11:42pm,11:45pm,11:47pm
2398,11:26pm,11:28pm,11:31pm,11:33pm,11:35pm,11:39pm,11:42pm,11:45pm,11:48pm,11:50pm
2399,11:28pm,11:31pm,11:33pm,11:36pm,11:38pm,11:42pm,11:45pm,11:48pm,11:50pm,11:53pm
2400,11:31pm,11:34pm,11:36pm,11:39pm,11:41pm,11:44pm,11:48pm,11:50pm,11:53pm,11:56pm
2401,11:34pm,11:36pm,11:39pm,11:42pm,11:44pm,11:47pm,11:51pm,11:53pm,11:56pm,11:59pm
2402,11:37pm,11:39pm,11:42pm,11:44pm,11:47pm,11:50pm,11:54pm,11:56pm,11:59pm,12:02am
2403,11:40pm,11:42pm,11:45pm,11:47pm,11:49pm,11:53pm,11:57pm,11:59pm,12:02am,12:05am
2404,11:43pm,11:45pm,11:48pm,11:50pm,11:52pm,11:56pm,11:59pm,12:02am,12:05am,12:07am
2405,11:46pm,11:48pm,11:51pm,11:53pm,11:55pm,11:59pm,12:02am,12:05am,12:08am,12:10am
